Date,Restaurant,Customers,Average_Spend,Revenue,Cost,Profit,Profit_Margin,Location,Cuisine,Population_Area
2025-01-01,CASA DE MOOR - CHORLTON,152,30.32,4608.71,2327.54,2281.17,49.496930811441814,"Chorlton, Manchester",Mediterranean,14138
2025-01-01,Railway Grill,121,25.77,3118.07,1549.07,1568.99,50.319268008736174,Manchester,Grill,15000
2025-01-02,CASA DE MOOR - CHORLTON,124,22.56,2797.78,1539.09,1258.69,44.98888404377757,"Chorlton, Manchester",Mediterranean,14138
2025-01-02,Railway Grill,153,28.29,4327.71,1974.19,2353.51,54.38234077606864,Manchester,Grill,15000
2025-01-03,CASA DE MOOR - CHORLTON,51,28.61,1458.9,1067.28,391.62,26.843512235245733,"Chorlton, Manchester",Mediterranean,14138
2025-01-03,Railway Grill,179,16.18,2896.57,1462.83,1433.74,49.49785435877607,Manchester,Grill,15000
2025-01-04,CASA DE MOOR - CHORLTON,107,24.07,2575.43,1492.67,1082.75,42.04152316312228,"Chorlton, Manchester",Mediterranean,14138
2025-01-04,Railway Grill,98,24.07,2358.84,1344.44,1014.4,43.00418849943192,Manchester,Grill,15000
2025-01-05,CASA DE MOOR - CHORLTON,64,22.49,1439.34,986.74,452.59,31.444273069601348,"Chorlton, Manchester",Mediterranean,14138
2025-01-05,Railway Grill,100,20.8,2079.66,1549.28,530.38,25.503207255032073,Manchester,Grill,15000
2025-01-06,CASA DE MOOR - CHORLTON,180,31.78,5720.15,3741.51,1978.65,34.59087611338864,"Chorlton, Manchester",Mediterranean,14138
2025-01-06,Railway Grill,122,13.5,1646.53,1209.65,436.88,26.533376251875158,Manchester,Grill,15000
2025-01-07,CASA DE MOOR - CHORLTON,109,24.96,2720.16,1538.59,1181.57,43.43751838127169,"Chorlton, Manchester",Mediterranean,14138
2025-01-07,Railway Grill,139,14.25,1980.26,1297.6,682.65,34.472746003050105,Manchester,Grill,15000
2025-01-08,CASA DE MOOR - CHORLTON,160,27.72,4434.41,2806.98,1627.43,36.70003450289892,"Chorlton, Manchester",Mediterranean,14138
2025-01-08,Railway Grill,57,12.79,729.08,526.98,202.1,27.719866132660336,Manchester,Grill,15000
2025-01-09,CASA DE MOOR - CHORLTON,99,27.24,2696.56,1465.62,1230.95,45.64890082178776,"Chorlton, Manchester",Mediterranean,14138
2025-01-09,Railway Grill,183,16.78,3071.23,1905.11,1166.11,37.968826821827086,Manchester,Grill,15000
2025-01-10,CASA DE MOOR - CHORLTON,195,29.83,5816.47,4256.78,1559.69,26.815061368837114,"Chorlton, Manchester",Mediterranean,14138
2025-01-10,Railway Grill,63,28.73,1809.82,991.71,818.11,45.2039429335514,Manchester,Grill,15000
2025-01-11,CASA DE MOOR - CHORLTON,89,31.42,2796.76,1885.57,911.2,32.5805575022526,"Chorlton, Manchester",Mediterranean,14138
2025-01-11,Railway Grill,160,31.06,4969.75,2768.28,2201.47,44.297399265556614,Manchester,Grill,15000
2025-01-12,CASA DE MOOR - CHORLTON,173,18.35,3174.2,1710.52,1463.68,46.111776195576844,"Chorlton, Manchester",Mediterranean,14138
2025-01-12,Railway Grill,94,13.71,1289.18,961.81,327.37,25.393661086892443,Manchester,Grill,15000
2025-01-13,CASA DE MOOR - CHORLTON,137,21.08,2888.27,1554.02,1334.25,46.19547341488157,"Chorlton, Manchester",Mediterranean,14138
2025-01-13,Railway Grill,112,30.76,3444.63,2280.54,1164.09,33.79434075648182,Manchester,Grill,15000
2025-01-14,CASA DE MOOR - CHORLTON,82,25.94,2126.84,1548.11,578.73,27.210791596923134,"Chorlton, Manchester",Mediterranean,14138
2025-01-14,Railway Grill,90,33.04,2973.97,2096.68,877.29,29.4989525785398,Manchester,Grill,15000
2025-01-15,CASA DE MOOR - CHORLTON,61,19.61,1196.25,561.12,635.13,53.09341692789968,"Chorlton, Manchester",Mediterranean,14138
2025-01-15,Railway Grill,111,19.48,2162.19,1446.25,715.94,33.11179868559193,Manchester,Grill,15000
2025-01-16,CASA DE MOOR - CHORLTON,153,18.32,2802.75,1733.14,1069.6,38.162518954598156,"Chorlton, Manchester",Mediterranean,14138
2025-01-16,Railway Grill,150,34.35,5152.41,3630.77,1521.64,29.53258766286068,Manchester,Grill,15000
2025-01-17,CASA DE MOOR - CHORLTON,54,24.91,1345.11,916.41,428.7,31.870999397818768,"Chorlton, Manchester",Mediterranean,14138
2025-01-17,Railway Grill,152,12.93,1965.36,1303.42,661.93,33.67983473765621,Manchester,Grill,15000
2025-01-18,CASA DE MOOR - CHORLTON,139,12.58,1749.26,843.79,905.48,51.76360289493843,"Chorlton, Manchester",Mediterranean,14138
2025-01-18,Railway Grill,112,32.6,3651.49,2163.91,1487.58,40.73898600297413,Manchester,Grill,15000
2025-01-19,CASA DE MOOR - CHORLTON,145,28.0,4059.55,1996.48,2063.06,50.81991846386914,"Chorlton, Manchester",Mediterranean,14138
2025-01-19,Railway Grill,192,29.38,5640.51,2925.39,2715.12,48.13607280192748,Manchester,Grill,15000
2025-01-20,CASA DE MOOR - CHORLTON,120,18.66,2239.71,1116.2,1123.52,50.163637256609114,"Chorlton, Manchester",Mediterranean,14138
2025-01-20,Railway Grill,115,26.36,3031.42,1632.99,1398.42,46.13085616641706,Manchester,Grill,15000
2025-01-21,CASA DE MOOR - CHORLTON,183,22.5,4117.55,2122.73,1994.82,48.44677053101966,"Chorlton, Manchester",Mediterranean,14138
2025-01-21,Railway Grill,133,32.53,4326.34,2646.87,1679.47,38.81964894113732,Manchester,Grill,15000
2025-01-22,CASA DE MOOR - CHORLTON,141,20.19,2847.47,2056.01,791.46,27.795200651806695,"Chorlton, Manchester",Mediterranean,14138
2025-01-22,Railway Grill,178,17.24,3069.17,1774.38,1294.78,42.186649810860914,Manchester,Grill,15000
2025-01-23,CASA DE MOOR - CHORLTON,165,20.11,3318.0,1796.48,1521.52,45.856540084388186,"Chorlton, Manchester",Mediterranean,14138
2025-01-23,Railway Grill,186,23.15,4306.1,2832.26,1473.85,34.22702677596897,Manchester,Grill,15000
2025-01-24,CASA DE MOOR - CHORLTON,108,19.43,2098.84,1271.13,827.7,39.436069447885494,"Chorlton, Manchester",Mediterranean,14138
2025-01-24,Railway Grill,162,13.49,2185.79,1150.11,1035.68,47.38241093609176,Manchester,Grill,15000
2025-01-25,CASA DE MOOR - CHORLTON,61,17.79,1085.25,650.25,435.0,40.08293020041465,"Chorlton, Manchester",Mediterranean,14138
2025-01-25,Railway Grill,162,15.41,2495.77,1870.14,625.63,25.067614403570843,Manchester,Grill,15000
2025-01-26,CASA DE MOOR - CHORLTON,162,34.46,5582.87,3200.72,2382.15,42.66891401734234,"Chorlton, Manchester",Mediterranean,14138
2025-01-26,Railway Grill,136,18.41,2503.61,1808.8,694.8,27.751926218540422,Manchester,Grill,15000
2025-01-27,CASA DE MOOR - CHORLTON,196,27.66,5420.62,3302.68,2117.94,39.071914282868015,"Chorlton, Manchester",Mediterranean,14138
2025-01-27,Railway Grill,117,13.86,1621.58,909.54,712.04,43.91026036334932,Manchester,Grill,15000
2025-01-28,CASA DE MOOR - CHORLTON,194,28.75,5577.3,3125.16,2452.14,43.96643537195416,"Chorlton, Manchester",Mediterranean,14138
2025-01-28,Railway Grill,165,34.62,5712.09,3253.88,2458.21,43.035211279934316,Manchester,Grill,15000
2025-01-29,CASA DE MOOR - CHORLTON,193,31.21,6023.91,3290.46,2733.44,45.37650794915595,"Chorlton, Manchester",Mediterranean,14138
2025-01-29,Railway Grill,119,28.0,3332.44,2357.73,974.71,29.249138769190143,Manchester,Grill,15000
2025-01-30,CASA DE MOOR - CHORLTON,196,28.36,5557.86,3850.77,1707.1,30.71505939336363,"Chorlton, Manchester",Mediterranean,14138
2025-01-30,Railway Grill,197,26.84,5287.28,2655.85,2631.43,49.76906840568307,Manchester,Grill,15000
2025-01-31,CASA DE MOOR - CHORLTON,177,23.91,4231.77,2967.79,1263.97,29.868589266429886,"Chorlton, Manchester",Mediterranean,14138
2025-01-31,Railway Grill,60,19.84,1190.67,576.34,614.34,51.59616014512838,Manchester,Grill,15000
2025-02-01,CASA DE MOOR - CHORLTON,91,17.93,1631.87,1057.45,574.43,35.20072064563966,"Chorlton, Manchester",Mediterranean,14138
2025-02-01,Railway Grill,139,34.59,4807.99,2908.79,1899.2,39.50091410339872,Manchester,Grill,15000
2025-02-02,CASA DE MOOR - CHORLTON,162,17.56,2845.14,1359.78,1485.36,52.20692127628166,"Chorlton, Manchester",Mediterranean,14138
2025-02-02,Railway Grill,189,24.84,4694.9,3355.87,1339.03,28.5209482630088,Manchester,Grill,15000
2025-02-03,CASA DE MOOR - CHORLTON,58,18.41,1068.01,705.0,363.01,33.989382121890245,"Chorlton, Manchester",Mediterranean,14138
2025-02-03,Railway Grill,180,31.7,5705.18,3259.67,2445.51,42.86472994717082,Manchester,Grill,15000
2025-02-04,CASA DE MOOR - CHORLTON,165,13.94,2299.31,1146.18,1153.13,50.15113229621061,"Chorlton, Manchester",Mediterranean,14138
2025-02-04,Railway Grill,153,25.95,3970.02,1797.46,2172.56,54.72415756091908,Manchester,Grill,15000
2025-02-05,CASA DE MOOR - CHORLTON,148,34.39,5090.35,2724.24,2366.12,46.482461913227965,"Chorlton, Manchester",Mediterranean,14138
2025-02-05,Railway Grill,159,24.62,3914.72,2574.2,1340.52,34.24306208362284,Manchester,Grill,15000
2025-02-06,CASA DE MOOR - CHORLTON,117,17.46,2042.44,1118.48,923.96,45.23804860852705,"Chorlton, Manchester",Mediterranean,14138
2025-02-06,Railway Grill,197,20.43,4024.47,2709.48,1314.99,32.67486153456232,Manchester,Grill,15000
2025-02-07,CASA DE MOOR - CHORLTON,194,19.09,3702.57,2268.79,1433.77,38.723643307216335,"Chorlton, Manchester",Mediterranean,14138
2025-02-07,Railway Grill,164,26.64,4368.25,2293.93,2074.31,47.48606421335775,Manchester,Grill,15000
2025-02-08,CASA DE MOOR - CHORLTON,87,34.51,3002.76,1789.72,1213.05,40.39783399272669,"Chorlton, Manchester",Mediterranean,14138
2025-02-08,Railway Grill,57,26.52,1511.42,1040.53,470.89,31.15546969075439,Manchester,Grill,15000
2025-02-09,CASA DE MOOR - CHORLTON,79,26.84,2120.15,1379.54,740.62,34.932434025894395,"Chorlton, Manchester",Mediterranean,14138
2025-02-09,Railway Grill,110,23.48,2582.96,1605.57,977.39,37.83992009167776,Manchester,Grill,15000
2025-02-10,CASA DE MOOR - CHORLTON,98,13.0,1274.28,953.63,320.65,25.16322943152211,"Chorlton, Manchester",Mediterranean,14138
2025-02-10,Railway Grill,95,33.04,3138.98,1761.12,1377.86,43.89515065403411,Manchester,Grill,15000
2025-02-11,CASA DE MOOR - CHORLTON,86,33.35,2868.21,1659.13,1209.08,42.154514488130225,"Chorlton, Manchester",Mediterranean,14138
2025-02-11,Railway Grill,144,34.16,4919.51,3472.7,1446.81,29.409636325569004,Manchester,Grill,15000
2025-02-12,CASA DE MOOR - CHORLTON,116,15.9,1844.21,1137.95,706.26,38.29607257308007,"Chorlton, Manchester",Mediterranean,14138
2025-02-12,Railway Grill,103,28.01,2884.89,1791.57,1093.32,37.898152095920466,Manchester,Grill,15000
2025-02-13,CASA DE MOOR - CHORLTON,73,16.81,1226.77,799.05,427.72,34.86554121799523,"Chorlton, Manchester",Mediterranean,14138
2025-02-13,Railway Grill,176,23.92,4210.2,3002.76,1207.43,28.6786850980951,Manchester,Grill,15000
2025-02-14,CASA DE MOOR - CHORLTON,66,31.52,2080.28,1021.39,1058.89,50.901320976022454,"Chorlton, Manchester",Mediterranean,14138
2025-02-14,Railway Grill,88,18.75,1650.23,1143.29,506.94,30.719354271828774,Manchester,Grill,15000
2025-02-15,CASA DE MOOR - CHORLTON,148,17.89,2648.13,1677.47,970.66,36.65454490527277,"Chorlton, Manchester",Mediterranean,14138
2025-02-15,Railway Grill,109,23.76,2589.94,1555.14,1034.8,39.95459354270755,Manchester,Grill,15000
2025-02-16,CASA DE MOOR - CHORLTON,69,26.95,1859.49,1228.36,631.13,33.94102684069288,"Chorlton, Manchester",Mediterranean,14138
2025-02-16,Railway Grill,193,13.17,2541.36,1819.58,721.78,28.40132842257689,Manchester,Grill,15000
2025-02-17,CASA DE MOOR - CHORLTON,192,20.64,3962.57,1894.88,2067.69,52.18052930295237,"Chorlton, Manchester",Mediterranean,14138
2025-02-17,Railway Grill,135,19.55,2638.91,1310.25,1328.66,50.348818262085494,Manchester,Grill,15000
2025-02-18,CASA DE MOOR - CHORLTON,174,31.3,5445.41,3856.01,1589.4,29.187884842463657,"Chorlton, Manchester",Mediterranean,14138
2025-02-18,Railway Grill,98,12.86,1260.18,878.07,382.11,30.32185878207875,Manchester,Grill,15000
2025-02-19,CASA DE MOOR - CHORLTON,103,24.35,2508.35,1374.56,1133.79,45.20062989614687,"Chorlton, Manchester",Mediterranean,14138
2025-02-19,Railway Grill,57,29.71,1693.46,871.7,821.76,48.52550399773245,Manchester,Grill,15000
2025-02-20,CASA DE MOOR - CHORLTON,54,22.52,1215.92,854.32,361.61,29.739621027699194,"Chorlton, Manchester",Mediterranean,14138
2025-02-20,Railway Grill,165,21.46,3541.09,2336.6,1204.49,34.014667800027674,Manchester,Grill,15000
2025-02-21,CASA DE MOOR - CHORLTON,101,15.05,1520.37,1126.38,393.99,25.91408670257898,"Chorlton, Manchester",Mediterranean,14138
2025-02-21,Railway Grill,155,19.43,3011.34,2073.48,937.86,31.14427464185379,Manchester,Grill,15000
2025-02-22,CASA DE MOOR - CHORLTON,112,21.97,2460.75,1656.61,804.14,32.678654881641776,"Chorlton, Manchester",Mediterranean,14138
2025-02-22,Railway Grill,139,12.58,1749.05,1292.19,456.86,26.120465395500414,Manchester,Grill,15000
2025-02-23,CASA DE MOOR - CHORLTON,72,21.85,1573.29,1032.94,540.35,34.3452256100274,"Chorlton, Manchester",Mediterranean,14138
2025-02-23,Railway Grill,178,15.99,2845.47,1414.0,1431.47,50.306979163371956,Manchester,Grill,15000
2025-02-24,CASA DE MOOR - CHORLTON,83,17.52,1453.75,695.13,758.62,52.183662940670686,"Chorlton, Manchester",Mediterranean,14138
2025-02-24,Railway Grill,138,27.18,3751.47,2003.21,1748.26,46.60199868318286,Manchester,Grill,15000
2025-02-25,CASA DE MOOR - CHORLTON,65,23.88,1552.46,1004.65,547.81,35.28657743194671,"Chorlton, Manchester",Mediterranean,14138
2025-02-25,Railway Grill,118,26.07,3076.21,1771.53,1304.68,42.41192896453753,Manchester,Grill,15000
2025-02-26,CASA DE MOOR - CHORLTON,125,25.02,3127.36,1556.15,1571.2,50.24045840581193,"Chorlton, Manchester",Mediterranean,14138
2025-02-26,Railway Grill,135,12.33,1664.69,807.08,857.61,51.517699992190735,Manchester,Grill,15000
2025-02-27,CASA DE MOOR - CHORLTON,118,14.17,1671.54,908.36,763.19,45.6578963111861,"Chorlton, Manchester",Mediterranean,14138
2025-02-27,Railway Grill,193,14.25,2750.29,1643.25,1107.03,40.25139167142374,Manchester,Grill,15000
2025-02-28,CASA DE MOOR - CHORLTON,88,19.96,1756.92,1035.53,721.39,41.05992304715069,"Chorlton, Manchester",Mediterranean,14138
2025-02-28,Railway Grill,150,21.17,3174.84,2015.25,1159.59,36.52436028272291,Manchester,Grill,15000
2025-03-01,CASA DE MOOR - CHORLTON,118,32.39,3822.45,2019.28,1803.17,47.173148111813106,"Chorlton, Manchester",Mediterranean,14138
2025-03-01,Railway Grill,187,26.39,4935.82,2966.14,1969.69,39.90603385050508,Manchester,Grill,15000
2025-03-02,CASA DE MOOR - CHORLTON,50,24.41,1220.28,799.52,420.77,34.48143049136264,"Chorlton, Manchester",Mediterranean,14138
2025-03-02,Railway Grill,65,13.62,885.5,569.13,316.37,35.727837380011294,Manchester,Grill,15000
2025-03-03,CASA DE MOOR - CHORLTON,177,26.64,4714.8,3254.55,1460.24,30.97140917960465,"Chorlton, Manchester",Mediterranean,14138
2025-03-03,Railway Grill,189,20.93,3955.37,2543.25,1412.12,35.70133767511004,Manchester,Grill,15000
2025-03-04,CASA DE MOOR - CHORLTON,150,26.4,3959.49,2756.31,1203.18,30.38724684239637,"Chorlton, Manchester",Mediterranean,14138
2025-03-04,Railway Grill,123,16.75,2060.71,1096.69,964.02,46.78096384255912,Manchester,Grill,15000
2025-03-05,CASA DE MOOR - CHORLTON,61,14.32,873.39,397.8,475.59,54.45333699721774,"Chorlton, Manchester",Mediterranean,14138
2025-03-05,Railway Grill,84,19.74,1658.22,1072.4,585.82,35.32824353825186,Manchester,Grill,15000
2025-03-06,CASA DE MOOR - CHORLTON,142,31.43,4463.36,2039.67,2423.69,54.30191604531116,"Chorlton, Manchester",Mediterranean,14138
2025-03-06,Railway Grill,164,18.48,3031.16,1471.47,1559.68,51.45488855751594,Manchester,Grill,15000
2025-03-07,CASA DE MOOR - CHORLTON,163,26.47,4313.91,3076.86,1237.05,28.67584163786449,"Chorlton, Manchester",Mediterranean,14138
2025-03-07,Railway Grill,70,34.25,2397.8,1473.19,924.61,38.56076403369755,Manchester,Grill,15000
2025-03-08,CASA DE MOOR - CHORLTON,150,29.26,4389.62,3037.84,1351.78,30.794920744848074,"Chorlton, Manchester",Mediterranean,14138
2025-03-08,Railway Grill,148,21.49,3180.55,1786.21,1394.34,43.83958749272924,Manchester,Grill,15000
2025-03-09,CASA DE MOOR - CHORLTON,145,19.84,2876.58,2097.68,778.9,27.077293174533644,"Chorlton, Manchester",Mediterranean,14138
2025-03-09,Railway Grill,86,17.49,1503.94,983.51,520.43,34.60443900687527,Manchester,Grill,15000
2025-03-10,CASA DE MOOR - CHORLTON,72,29.35,2113.52,1016.47,1097.05,51.90629849729361,"Chorlton, Manchester",Mediterranean,14138
2025-03-10,Railway Grill,66,24.29,1603.11,960.21,642.9,40.10329921215637,Manchester,Grill,15000
2025-03-11,CASA DE MOOR - CHORLTON,135,18.85,2544.16,1221.18,1322.97,52.000267278787504,"Chorlton, Manchester",Mediterranean,14138
2025-03-11,Railway Grill,149,12.25,1825.14,1317.05,508.09,27.83841239576142,Manchester,Grill,15000
2025-03-12,CASA DE MOOR - CHORLTON,125,20.16,2520.35,1857.6,662.75,26.295950959192176,"Chorlton, Manchester",Mediterranean,14138
2025-03-12,Railway Grill,177,23.1,4088.34,2444.45,1643.89,40.209229173698866,Manchester,Grill,15000
2025-03-13,CASA DE MOOR - CHORLTON,193,22.31,4306.65,2316.82,1989.83,46.20366177887686,"Chorlton, Manchester",Mediterranean,14138
2025-03-13,Railway Grill,74,24.74,1830.4,940.49,889.91,48.618334790209786,Manchester,Grill,15000
2025-03-14,CASA DE MOOR - CHORLTON,102,30.21,3081.04,2116.32,964.72,31.31150520603433,"Chorlton, Manchester",Mediterranean,14138
2025-03-14,Railway Grill,158,33.41,5279.0,3918.46,1360.53,25.77249479068005,Manchester,Grill,15000
2025-03-15,CASA DE MOOR - CHORLTON,191,24.64,4706.08,2741.1,1964.98,41.754071329004184,"Chorlton, Manchester",Mediterranean,14138
2025-03-15,Railway Grill,124,14.69,1821.88,898.0,923.88,50.71025534063715,Manchester,Grill,15000
2025-03-16,CASA DE MOOR - CHORLTON,123,31.25,3843.77,2729.31,1114.46,28.993930438085524,"Chorlton, Manchester",Mediterranean,14138
2025-03-16,Railway Grill,56,21.8,1220.81,630.88,589.93,48.32283483916416,Manchester,Grill,15000
2025-03-17,CASA DE MOOR - CHORLTON,186,30.9,5747.92,3804.39,1943.53,33.81275313504711,"Chorlton, Manchester",Mediterranean,14138
2025-03-17,Railway Grill,54,23.81,1285.55,668.45,617.11,48.003578234996695,Manchester,Grill,15000
2025-03-18,CASA DE MOOR - CHORLTON,185,20.61,3812.52,2139.56,1672.96,43.88068783901461,"Chorlton, Manchester",Mediterranean,14138
2025-03-18,Railway Grill,194,33.79,6554.62,4888.44,1666.18,25.41993281075028,Manchester,Grill,15000
2025-03-19,CASA DE MOOR - CHORLTON,181,20.06,3629.96,2404.68,1225.28,33.75464192442892,"Chorlton, Manchester",Mediterranean,14138
2025-03-19,Railway Grill,68,29.87,2031.46,1254.47,776.99,38.24786114420171,Manchester,Grill,15000
2025-03-20,CASA DE MOOR - CHORLTON,140,17.72,2480.89,1362.2,1118.69,45.09228542982559,"Chorlton, Manchester",Mediterranean,14138
2025-03-20,Railway Grill,175,23.33,4082.82,1851.17,2231.64,54.65927961555983,Manchester,Grill,15000
2025-03-21,CASA DE MOOR - CHORLTON,175,13.29,2326.62,1129.91,1196.71,51.43555887940446,"Chorlton, Manchester",Mediterranean,14138
2025-03-21,Railway Grill,110,30.92,3401.66,2290.21,1111.45,32.67375340275043,Manchester,Grill,15000
2025-03-22,CASA DE MOOR - CHORLTON,180,25.42,4575.15,3379.44,1195.71,26.13488082357956,"Chorlton, Manchester",Mediterranean,14138
2025-03-22,Railway Grill,162,13.91,2252.85,1370.89,881.97,39.14907783474266,Manchester,Grill,15000
2025-03-23,CASA DE MOOR - CHORLTON,166,34.15,5669.58,2571.99,3097.6,54.63544036771684,"Chorlton, Manchester",Mediterranean,14138
2025-03-23,Railway Grill,110,19.42,2136.4,989.19,1147.2,53.69780939898895,Manchester,Grill,15000
2025-03-24,CASA DE MOOR - CHORLTON,196,34.29,6721.62,4079.55,2642.07,39.30704205236238,"Chorlton, Manchester",Mediterranean,14138
2025-03-24,Railway Grill,98,28.0,2744.22,1609.11,1135.11,41.36366617836762,Manchester,Grill,15000
2025-03-25,CASA DE MOOR - CHORLTON,166,28.03,4652.86,2630.08,2022.78,43.47390637156502,"Chorlton, Manchester",Mediterranean,14138
2025-03-25,Railway Grill,61,34.05,2077.06,970.73,1106.33,53.264229247108894,Manchester,Grill,15000
2025-03-26,CASA DE MOOR - CHORLTON,151,22.48,3394.5,2159.03,1235.46,36.39593460008838,"Chorlton, Manchester",Mediterranean,14138
2025-03-26,Railway Grill,57,15.9,906.45,583.8,322.65,35.594903193777924,Manchester,Grill,15000
2025-03-27,CASA DE MOOR - CHORLTON,185,20.13,3723.51,2327.56,1395.96,37.49043241457657,"Chorlton, Manchester",Mediterranean,14138
2025-03-27,Railway Grill,150,34.41,5161.66,3849.89,1311.77,25.413723492054878,Manchester,Grill,15000
2025-03-28,CASA DE MOOR - CHORLTON,194,18.43,3576.3,2050.52,1525.79,42.66392640438442,"Chorlton, Manchester",Mediterranean,14138
2025-03-28,Railway Grill,190,32.95,6260.75,4362.25,1898.5,30.323842990057102,Manchester,Grill,15000
2025-03-29,CASA DE MOOR - CHORLTON,131,21.58,2827.33,1765.24,1062.09,37.56512327885319,"Chorlton, Manchester",Mediterranean,14138
2025-03-29,Railway Grill,59,33.45,1973.71,1400.98,572.73,29.01794083223979,Manchester,Grill,15000
2025-03-30,CASA DE MOOR - CHORLTON,158,15.79,2495.01,1430.58,1064.43,42.66235405870117,"Chorlton, Manchester",Mediterranean,14138
2025-03-30,Railway Grill,167,30.64,5117.34,3818.47,1298.87,25.38174129528231,Manchester,Grill,15000
2025-03-31,CASA DE MOOR - CHORLTON,60,25.67,1539.9,868.92,670.99,43.57360867588804,"Chorlton, Manchester",Mediterranean,14138
2025-03-31,Railway Grill,135,31.07,4194.55,2603.66,1590.89,37.92754884314169,Manchester,Grill,15000
2025-04-01,CASA DE MOOR - CHORLTON,147,12.85,1888.49,925.66,962.84,50.984649111194656,"Chorlton, Manchester",Mediterranean,14138
2025-04-01,Railway Grill,198,13.3,2632.73,1867.71,765.03,29.058429842786765,Manchester,Grill,15000
2025-04-02,CASA DE MOOR - CHORLTON,144,29.25,4211.7,3049.06,1162.64,27.605005104827036,"Chorlton, Manchester",Mediterranean,14138
2025-04-02,Railway Grill,72,29.69,2137.44,1567.66,569.78,26.657122539112205,Manchester,Grill,15000
2025-04-03,CASA DE MOOR - CHORLTON,132,17.69,2334.95,1366.33,968.62,41.48354354482966,"Chorlton, Manchester",Mediterranean,14138
2025-04-03,Railway Grill,159,17.78,2827.53,1505.43,1322.1,46.75812458223254,Manchester,Grill,15000
2025-04-04,CASA DE MOOR - CHORLTON,53,17.26,914.72,595.95,318.77,34.84891551513031,"Chorlton, Manchester",Mediterranean,14138
2025-04-04,Railway Grill,81,13.08,1059.37,562.1,497.27,46.94016254943976,Manchester,Grill,15000
2025-04-05,CASA DE MOOR - CHORLTON,88,27.45,2415.26,1463.87,951.39,39.39079022548297,"Chorlton, Manchester",Mediterranean,14138
2025-04-05,Railway Grill,167,31.12,5197.3,2818.67,2378.63,45.7666480672657,Manchester,Grill,15000
2025-04-06,CASA DE MOOR - CHORLTON,103,34.26,3529.13,1681.71,1847.42,52.347745761703315,"Chorlton, Manchester",Mediterranean,14138
2025-04-06,Railway Grill,106,25.57,2710.31,1609.96,1100.35,40.59867690411797,Manchester,Grill,15000
2025-04-07,CASA DE MOOR - CHORLTON,134,26.71,3578.51,2474.59,1103.92,30.848593408988656,"Chorlton, Manchester",Mediterranean,14138
2025-04-07,Railway Grill,152,15.14,2300.75,1045.38,1255.38,54.563946539172015,Manchester,Grill,15000
2025-04-08,CASA DE MOOR - CHORLTON,87,25.99,2260.78,1449.15,811.64,35.90088376577995,"Chorlton, Manchester",Mediterranean,14138
2025-04-08,Railway Grill,128,22.06,2823.93,2036.75,787.18,27.87533685325061,Manchester,Grill,15000
2025-04-09,CASA DE MOOR - CHORLTON,101,24.59,2483.72,1453.65,1030.06,41.47246871628042,"Chorlton, Manchester",Mediterranean,14138
2025-04-09,Railway Grill,128,21.12,2703.42,1721.07,982.35,36.33730607896664,Manchester,Grill,15000
2025-04-10,CASA DE MOOR - CHORLTON,100,28.05,2804.58,1932.19,872.39,31.1059053405501,"Chorlton, Manchester",Mediterranean,14138
2025-04-10,Railway Grill,187,33.31,6229.25,3722.82,2506.43,40.23646506401251,Manchester,Grill,15000
2025-04-11,CASA DE MOOR - CHORLTON,133,22.56,3000.5,2232.4,768.1,25.599066822196303,"Chorlton, Manchester",Mediterranean,14138
2025-04-11,Railway Grill,102,19.99,2039.03,1045.49,993.54,48.72610996405153,Manchester,Grill,15000
2025-04-12,CASA DE MOOR - CHORLTON,92,17.52,1612.15,762.16,849.99,52.72400210898489,"Chorlton, Manchester",Mediterranean,14138
2025-04-12,Railway Grill,129,15.49,1998.7,982.65,1016.04,50.83504277780557,Manchester,Grill,15000
2025-04-13,CASA DE MOOR - CHORLTON,57,16.14,920.07,606.28,313.79,34.10501374895388,"Chorlton, Manchester",Mediterranean,14138
2025-04-13,Railway Grill,74,32.63,2414.33,1429.74,984.59,40.781086264098114,Manchester,Grill,15000
2025-04-14,CASA DE MOOR - CHORLTON,142,34.38,4882.18,3078.61,1803.57,36.941898905816664,"Chorlton, Manchester",Mediterranean,14138
2025-04-14,Railway Grill,100,12.94,1294.0,647.88,646.12,49.931993817619784,Manchester,Grill,15000
2025-04-15,CASA DE MOOR - CHORLTON,141,20.0,2819.33,1295.6,1523.73,54.04581939680705,"Chorlton, Manchester",Mediterranean,14138
2025-04-15,Railway Grill,119,14.77,1758.18,1034.22,723.96,41.17667133058049,Manchester,Grill,15000
2025-04-16,CASA DE MOOR - CHORLTON,139,32.57,4526.81,2211.91,2314.9,51.137556027312826,"Chorlton, Manchester",Mediterranean,14138
2025-04-16,Railway Grill,94,19.4,1823.26,870.95,952.31,52.231168346807365,Manchester,Grill,15000
2025-04-17,CASA DE MOOR - CHORLTON,96,26.44,2538.4,1204.54,1333.86,52.54727387330601,"Chorlton, Manchester",Mediterranean,14138
2025-04-17,Railway Grill,143,15.61,2232.3,1257.2,975.1,43.68140482910003,Manchester,Grill,15000
2025-04-18,CASA DE MOOR - CHORLTON,130,18.37,2387.86,1652.07,735.8,30.81420183762867,"Chorlton, Manchester",Mediterranean,14138
2025-04-18,Railway Grill,162,25.74,4169.46,3109.9,1059.55,25.41216368546526,Manchester,Grill,15000
2025-04-19,CASA DE MOOR - CHORLTON,96,20.52,1970.0,1172.85,797.15,40.464467005076145,"Chorlton, Manchester",Mediterranean,14138
2025-04-19,Railway Grill,77,20.49,1577.35,928.68,648.67,41.12403715091768,Manchester,Grill,15000
2025-04-20,CASA DE MOOR - CHORLTON,158,13.43,2122.55,1049.22,1073.33,50.56794892935383,"Chorlton, Manchester",Mediterranean,14138
2025-04-20,Railway Grill,164,28.41,4658.75,3347.6,1311.15,28.143815401126915,Manchester,Grill,15000
2025-04-21,CASA DE MOOR - CHORLTON,156,24.24,3781.22,1823.12,1958.1,51.78487366511337,"Chorlton, Manchester",Mediterranean,14138
2025-04-21,Railway Grill,87,24.25,2109.77,1102.86,1006.91,47.726055446802256,Manchester,Grill,15000
2025-04-22,CASA DE MOOR - CHORLTON,168,20.68,3473.83,1584.14,1889.69,54.39788360397601,"Chorlton, Manchester",Mediterranean,14138
2025-04-22,Railway Grill,66,16.86,1112.98,610.19,502.79,45.175115455803336,Manchester,Grill,15000
2025-04-23,CASA DE MOOR - CHORLTON,93,17.36,1614.85,892.82,722.03,44.71189274545623,"Chorlton, Manchester",Mediterranean,14138
2025-04-23,Railway Grill,74,27.62,2043.83,1403.6,640.23,31.325012354256472,Manchester,Grill,15000
2025-04-24,CASA DE MOOR - CHORLTON,158,23.03,3638.8,2275.2,1363.6,37.47389249203034,"Chorlton, Manchester",Mediterranean,14138
2025-04-24,Railway Grill,83,24.83,2060.73,1289.94,770.79,37.40373556943413,Manchester,Grill,15000
2025-04-25,CASA DE MOOR - CHORLTON,132,20.71,2733.95,1507.05,1226.91,44.876826569615396,"Chorlton, Manchester",Mediterranean,14138
2025-04-25,Railway Grill,75,25.97,1948.03,1019.42,928.62,47.669697078587085,Manchester,Grill,15000
2025-04-26,CASA DE MOOR - CHORLTON,108,34.69,3746.5,2366.79,1379.72,36.82690511143734,"Chorlton, Manchester",Mediterranean,14138
2025-04-26,Railway Grill,82,12.17,998.21,516.67,481.54,48.240350226906166,Manchester,Grill,15000
2025-04-27,CASA DE MOOR - CHORLTON,119,17.66,2101.19,1046.82,1054.37,50.17966009737339,"Chorlton, Manchester",Mediterranean,14138
2025-04-27,Railway Grill,124,14.02,1738.66,1202.73,535.92,30.8237378210806,Manchester,Grill,15000
2025-04-28,CASA DE MOOR - CHORLTON,104,31.37,3262.82,1518.81,1744.01,53.451002507033785,"Chorlton, Manchester",Mediterranean,14138
2025-04-28,Railway Grill,80,21.44,1715.13,1277.28,437.85,25.52867712651519,Manchester,Grill,15000
2025-04-29,CASA DE MOOR - CHORLTON,55,21.15,1163.29,861.81,301.48,25.91615160450103,"Chorlton, Manchester",Mediterranean,14138
2025-04-29,Railway Grill,53,12.12,642.46,477.04,165.42,25.74790648445039,Manchester,Grill,15000
2025-04-30,CASA DE MOOR - CHORLTON,143,15.93,2278.05,1482.08,795.97,34.94084853273633,"Chorlton, Manchester",Mediterranean,14138
2025-04-30,Railway Grill,128,24.31,3111.15,1844.87,1266.28,40.701348376002436,Manchester,Grill,15000
2025-05-01,CASA DE MOOR - CHORLTON,93,16.72,1554.66,1151.07,403.59,25.96001698120489,"Chorlton, Manchester",Mediterranean,14138
2025-05-01,Railway Grill,117,21.79,2548.85,1535.13,1013.72,39.77166172979972,Manchester,Grill,15000
2025-05-02,CASA DE MOOR - CHORLTON,162,24.19,3918.18,2594.5,1323.68,33.783031917880244,"Chorlton, Manchester",Mediterranean,14138
2025-05-02,Railway Grill,191,18.64,3559.95,2222.73,1337.22,37.562887119201115,Manchester,Grill,15000
2025-05-03,CASA DE MOOR - CHORLTON,188,33.44,6286.03,3433.38,2852.65,45.380788828561116,"Chorlton, Manchester",Mediterranean,14138
2025-05-03,Railway Grill,52,13.19,685.98,377.96,308.02,44.90218373713519,Manchester,Grill,15000
2025-05-04,CASA DE MOOR - CHORLTON,59,24.62,1452.45,892.79,559.66,38.53213535749939,"Chorlton, Manchester",Mediterranean,14138
2025-05-04,Railway Grill,179,19.41,3475.13,2408.13,1067.0,30.70388733658885,Manchester,Grill,15000
2025-05-05,CASA DE MOOR - CHORLTON,114,15.19,1732.0,780.81,951.19,54.91859122401848,"Chorlton, Manchester",Mediterranean,14138
2025-05-05,Railway Grill,58,25.7,1490.58,881.64,608.94,40.852554039367234,Manchester,Grill,15000
2025-05-06,CASA DE MOOR - CHORLTON,143,14.45,2066.93,1457.64,609.29,29.47801812349717,"Chorlton, Manchester",Mediterranean,14138
2025-05-06,Railway Grill,127,33.46,4249.11,3175.27,1073.84,25.272115807780928,Manchester,Grill,15000
2025-05-07,CASA DE MOOR - CHORLTON,125,20.72,2590.28,1885.56,704.73,27.206711243572123,"Chorlton, Manchester",Mediterranean,14138
2025-05-07,Railway Grill,113,25.21,2849.06,2001.6,847.46,29.74524931029884,Manchester,Grill,15000
2025-05-08,CASA DE MOOR - CHORLTON,121,31.04,3756.16,2535.97,1220.19,32.48503791105811,"Chorlton, Manchester",Mediterranean,14138
2025-05-08,Railway Grill,109,15.76,1718.29,857.91,860.38,50.07187378149207,Manchester,Grill,15000
2025-05-09,CASA DE MOOR - CHORLTON,54,17.42,940.73,602.19,338.54,35.98694630765469,"Chorlton, Manchester",Mediterranean,14138
2025-05-09,Railway Grill,111,20.25,2248.09,1603.25,644.84,28.68390500380323,Manchester,Grill,15000
2025-05-10,CASA DE MOOR - CHORLTON,138,27.71,3823.79,2239.15,1584.64,41.441606364366244,"Chorlton, Manchester",Mediterranean,14138
2025-05-10,Railway Grill,153,20.67,3162.47,1862.07,1300.39,41.119441449246956,Manchester,Grill,15000
2025-05-11,CASA DE MOOR - CHORLTON,146,29.2,4262.47,2560.96,1701.51,39.918404117800236,"Chorlton, Manchester",Mediterranean,14138
2025-05-11,Railway Grill,194,32.69,6341.9,3584.24,2757.67,43.48334095460351,Manchester,Grill,15000
2025-05-12,CASA DE MOOR - CHORLTON,102,32.85,3350.58,2135.23,1215.35,36.27282440652066,"Chorlton, Manchester",Mediterranean,14138
2025-05-12,Railway Grill,183,19.65,3596.82,2406.87,1189.96,33.08366835148826,Manchester,Grill,15000
2025-05-13,CASA DE MOOR - CHORLTON,91,15.2,1383.5,952.13,431.36,31.178894109143478,"Chorlton, Manchester",Mediterranean,14138
2025-05-13,Railway Grill,82,24.27,1990.11,1429.23,560.88,28.183366748571686,Manchester,Grill,15000
2025-05-14,CASA DE MOOR - CHORLTON,87,29.31,2549.56,1688.05,861.51,33.790536406281866,"Chorlton, Manchester",Mediterranean,14138
2025-05-14,Railway Grill,82,12.77,1047.24,650.3,396.94,37.90344142698904,Manchester,Grill,15000
2025-05-15,CASA DE MOOR - CHORLTON,59,23.36,1378.33,932.29,446.04,32.36090051003751,"Chorlton, Manchester",Mediterranean,14138
2025-05-15,Railway Grill,167,30.89,5158.45,2492.51,2665.94,51.68102821584003,Manchester,Grill,15000
2025-05-16,CASA DE MOOR - CHORLTON,158,14.93,2359.29,1342.88,1016.42,43.08160505914915,"Chorlton, Manchester",Mediterranean,14138
2025-05-16,Railway Grill,185,15.45,2857.9,1482.61,1375.29,48.12239756464536,Manchester,Grill,15000
2025-05-17,CASA DE MOOR - CHORLTON,125,29.75,3719.16,1687.24,2031.92,54.63384205035546,"Chorlton, Manchester",Mediterranean,14138
2025-05-17,Railway Grill,164,27.96,4585.57,2810.12,1775.45,38.71819642923345,Manchester,Grill,15000
2025-05-18,CASA DE MOOR - CHORLTON,92,25.78,2371.55,1655.43,716.11,30.19586346482258,"Chorlton, Manchester",Mediterranean,14138
2025-05-18,Railway Grill,123,19.88,2445.0,1267.01,1177.99,48.17955010224949,Manchester,Grill,15000
2025-05-19,CASA DE MOOR - CHORLTON,72,22.63,1629.08,1196.05,433.03,26.581260588798582,"Chorlton, Manchester",Mediterranean,14138
2025-05-19,Railway Grill,189,32.97,6231.82,3064.4,3167.42,50.82656431026571,Manchester,Grill,15000
2025-05-20,CASA DE MOOR - CHORLTON,160,28.7,4592.03,2883.29,1708.75,37.21121159922736,"Chorlton, Manchester",Mediterranean,14138
2025-05-20,Railway Grill,149,33.13,4936.56,3391.54,1545.02,31.29750271444082,Manchester,Grill,15000
2025-05-21,CASA DE MOOR - CHORLTON,86,28.27,2430.92,1205.16,1225.76,50.42370789659881,"Chorlton, Manchester",Mediterranean,14138
2025-05-21,Railway Grill,141,20.61,2906.29,1367.92,1538.37,52.932432757914725,Manchester,Grill,15000
2025-05-22,CASA DE MOOR - CHORLTON,100,28.94,2893.82,2113.39,780.43,26.968850861491035,"Chorlton, Manchester",Mediterranean,14138
2025-05-22,Railway Grill,60,22.37,1342.16,649.57,692.59,51.60264051975919,Manchester,Grill,15000
2025-05-23,CASA DE MOOR - CHORLTON,198,15.81,3129.78,1583.34,1546.44,49.41050169660487,"Chorlton, Manchester",Mediterranean,14138
2025-05-23,Railway Grill,106,19.64,2081.77,1131.3,950.47,45.656820878387144,Manchester,Grill,15000
2025-05-24,CASA DE MOOR - CHORLTON,164,25.6,4198.29,2391.77,1806.52,43.029900268919015,"Chorlton, Manchester",Mediterranean,14138
2025-05-24,Railway Grill,102,19.71,2010.37,1388.88,621.49,30.914209822072557,Manchester,Grill,15000
2025-05-25,CASA DE MOOR - CHORLTON,166,25.89,4297.01,2080.96,2216.05,51.57190697717715,"Chorlton, Manchester",Mediterranean,14138
2025-05-25,Railway Grill,74,31.86,2357.71,1713.79,643.92,27.311246930284046,Manchester,Grill,15000
2025-05-26,CASA DE MOOR - CHORLTON,184,19.98,3676.31,2467.72,1208.58,32.874811971786926,"Chorlton, Manchester",Mediterranean,14138
2025-05-26,Railway Grill,66,25.5,1683.17,774.01,909.16,54.01474598525401,Manchester,Grill,15000
2025-05-27,CASA DE MOOR - CHORLTON,74,23.46,1736.22,999.5,736.72,42.43241063920471,"Chorlton, Manchester",Mediterranean,14138
2025-05-27,Railway Grill,137,19.16,2625.45,1796.2,829.25,31.585061608486164,Manchester,Grill,15000
2025-05-28,CASA DE MOOR - CHORLTON,199,17.06,3395.38,1744.56,1650.82,48.619594861252644,"Chorlton, Manchester",Mediterranean,14138
2025-05-28,Railway Grill,98,16.09,1577.29,1164.55,412.74,26.167667328138773,Manchester,Grill,15000
2025-05-29,CASA DE MOOR - CHORLTON,197,21.54,4242.66,2017.83,2224.83,52.43950729023773,"Chorlton, Manchester",Mediterranean,14138
2025-05-29,Railway Grill,153,23.55,3603.22,2265.04,1338.18,37.138448387830884,Manchester,Grill,15000
2025-05-30,CASA DE MOOR - CHORLTON,190,21.14,4016.28,2321.56,1694.72,42.19626121684743,"Chorlton, Manchester",Mediterranean,14138
2025-05-30,Railway Grill,111,16.72,1855.72,941.23,914.49,49.27952492832971,Manchester,Grill,15000
2025-05-31,CASA DE MOOR - CHORLTON,79,31.24,2468.04,1545.57,922.46,37.37621756535551,"Chorlton, Manchester",Mediterranean,14138
2025-05-31,Railway Grill,50,29.84,1491.86,874.21,617.65,41.401337927151346,Manchester,Grill,15000
2025-06-01,CASA DE MOOR - CHORLTON,162,21.22,3437.24,2123.85,1313.4,38.21089013278095,"Chorlton, Manchester",Mediterranean,14138
2025-06-01,Railway Grill,112,14.37,1609.28,885.6,723.68,44.96917876317359,Manchester,Grill,15000
2025-06-02,CASA DE MOOR - CHORLTON,104,33.76,3511.11,1973.22,1537.89,43.80067841793621,"Chorlton, Manchester",Mediterranean,14138
2025-06-02,Railway Grill,159,24.11,3833.7,2646.11,1187.58,30.977384771891387,Manchester,Grill,15000
2025-06-03,CASA DE MOOR - CHORLTON,104,15.59,1621.52,1077.97,543.55,33.5210173170852,"Chorlton, Manchester",Mediterranean,14138
2025-06-03,Railway Grill,142,21.38,3036.48,1869.0,1167.47,38.448137316893245,Manchester,Grill,15000
2025-06-04,CASA DE MOOR - CHORLTON,116,17.31,2008.51,1308.68,699.83,34.84324200526759,"Chorlton, Manchester",Mediterranean,14138
2025-06-04,Railway Grill,121,14.39,1741.73,1201.75,539.98,31.00250899967274,Manchester,Grill,15000
2025-06-05,CASA DE MOOR - CHORLTON,116,32.41,3759.74,2319.82,1439.92,38.298392973982246,"Chorlton, Manchester",Mediterranean,14138
2025-06-05,Railway Grill,57,14.29,814.37,425.87,388.49,47.70436042585066,Manchester,Grill,15000
2025-06-06,CASA DE MOOR - CHORLTON,127,25.87,3285.94,2274.05,1011.89,30.79453672312945,"Chorlton, Manchester",Mediterranean,14138
2025-06-06,Railway Grill,193,21.14,4079.1,2653.15,1425.95,34.957466107719846,Manchester,Grill,15000
2025-06-07,CASA DE MOOR - CHORLTON,191,18.74,3579.8,2573.52,1006.28,28.10995027655176,"Chorlton, Manchester",Mediterranean,14138
2025-06-07,Railway Grill,56,26.56,1487.61,997.85,489.77,32.923279623019475,Manchester,Grill,15000
2025-06-08,CASA DE MOOR - CHORLTON,134,12.61,1689.77,852.37,837.4,49.55704030726075,"Chorlton, Manchester",Mediterranean,14138
2025-06-08,Railway Grill,85,26.79,2276.92,1505.46,771.46,33.881734975317535,Manchester,Grill,15000
2025-06-09,CASA DE MOOR - CHORLTON,178,30.8,5482.61,3029.39,2453.22,44.745477062931705,"Chorlton, Manchester",Mediterranean,14138
2025-06-09,Railway Grill,179,20.35,3642.71,1676.63,1966.09,53.97327813633256,Manchester,Grill,15000
2025-06-10,CASA DE MOOR - CHORLTON,69,26.36,1818.52,1041.69,776.83,42.71770450696171,"Chorlton, Manchester",Mediterranean,14138
2025-06-10,Railway Grill,186,22.03,4097.75,2205.98,1891.77,46.166066743944846,Manchester,Grill,15000
2025-06-11,CASA DE MOOR - CHORLTON,135,29.93,4041.15,1957.01,2084.14,51.57294334533486,"Chorlton, Manchester",Mediterranean,14138
2025-06-11,Railway Grill,169,34.66,5858.12,3464.02,2394.1,40.868060060224096,Manchester,Grill,15000
2025-06-12,CASA DE MOOR - CHORLTON,163,12.52,2040.24,1082.56,957.68,46.93957573618789,"Chorlton, Manchester",Mediterranean,14138
2025-06-12,Railway Grill,89,28.07,2498.54,1426.08,1072.46,42.92346730490607,Manchester,Grill,15000
2025-06-13,CASA DE MOOR - CHORLTON,71,31.2,2215.44,1651.21,564.23,25.468078575813387,"Chorlton, Manchester",Mediterranean,14138
2025-06-13,Railway Grill,78,15.95,1243.99,661.42,582.57,46.830762305163226,Manchester,Grill,15000
2025-06-14,CASA DE MOOR - CHORLTON,124,30.92,3834.01,2334.52,1499.49,39.11022662956017,"Chorlton, Manchester",Mediterranean,14138
2025-06-14,Railway Grill,91,25.26,2298.65,1223.38,1075.27,46.77832640897918,Manchester,Grill,15000
2025-06-15,CASA DE MOOR - CHORLTON,66,21.32,1407.17,843.23,563.94,40.0761812716303,"Chorlton, Manchester",Mediterranean,14138
2025-06-15,Railway Grill,125,16.75,2093.46,948.96,1144.5,54.67025880599582,Manchester,Grill,15000
2025-06-16,CASA DE MOOR - CHORLTON,76,32.7,2485.23,1769.9,715.33,28.783251449564023,"Chorlton, Manchester",Mediterranean,14138
2025-06-16,Railway Grill,147,25.81,3794.35,2464.47,1329.88,35.04895436636051,Manchester,Grill,15000
2025-06-17,CASA DE MOOR - CHORLTON,187,33.03,6176.89,3555.61,2621.28,42.436889761676184,"Chorlton, Manchester",Mediterranean,14138
2025-06-17,Railway Grill,171,21.71,3711.87,2064.4,1647.47,44.38382809742799,Manchester,Grill,15000
2025-06-18,CASA DE MOOR - CHORLTON,103,28.97,2984.4,1417.11,1567.29,52.51608363490149,"Chorlton, Manchester",Mediterranean,14138
2025-06-18,Railway Grill,85,29.73,2527.28,1189.02,1338.26,52.952581431420334,Manchester,Grill,15000
2025-06-19,CASA DE MOOR - CHORLTON,60,18.64,1118.4,622.61,495.78,44.329399141630894,"Chorlton, Manchester",Mediterranean,14138
2025-06-19,Railway Grill,162,28.6,4632.43,2932.89,1699.54,36.687872239839564,Manchester,Grill,15000
2025-06-20,CASA DE MOOR - CHORLTON,103,22.95,2363.76,1534.32,829.44,35.08985683825769,"Chorlton, Manchester",Mediterranean,14138
2025-06-20,Railway Grill,199,28.85,5740.98,2953.63,2787.35,48.55181519531509,Manchester,Grill,15000
2025-06-21,CASA DE MOOR - CHORLTON,85,24.42,2075.39,1034.8,1040.59,50.139491854543,"Chorlton, Manchester",Mediterranean,14138
2025-06-21,Railway Grill,130,23.42,3044.14,1914.92,1129.21,37.094548870945495,Manchester,Grill,15000
2025-06-22,CASA DE MOOR - CHORLTON,122,13.73,1674.84,1119.56,555.28,33.15421174559958,"Chorlton, Manchester",Mediterranean,14138
2025-06-22,Railway Grill,110,27.83,3061.66,1777.13,1284.52,41.95501786612492,Manchester,Grill,15000
2025-06-23,CASA DE MOOR - CHORLTON,88,13.75,1209.69,572.58,637.11,52.66721226099248,"Chorlton, Manchester",Mediterranean,14138
2025-06-23,Railway Grill,157,27.98,4392.55,2335.27,2057.28,46.83566493267009,Manchester,Grill,15000
2025-06-24,CASA DE MOOR - CHORLTON,147,14.37,2112.56,1150.03,962.53,45.56225621994168,"Chorlton, Manchester",Mediterranean,14138
2025-06-24,Railway Grill,98,15.15,1484.39,1091.13,393.26,26.49303754404166,Manchester,Grill,15000
2025-06-25,CASA DE MOOR - CHORLTON,104,23.99,2494.95,1187.63,1307.33,52.3990460730676,"Chorlton, Manchester",Mediterranean,14138
2025-06-25,Railway Grill,129,32.08,4138.03,2771.1,1366.93,33.03335161900712,Manchester,Grill,15000
2025-06-26,CASA DE MOOR - CHORLTON,198,29.46,5832.65,3891.72,1940.92,33.276812426598546,"Chorlton, Manchester",Mediterranean,14138
2025-06-26,Railway Grill,74,32.78,2425.53,1562.04,863.49,35.60005442109559,Manchester,Grill,15000
2025-06-27,CASA DE MOOR - CHORLTON,108,34.72,3749.37,2749.1,1000.26,26.678081917762185,"Chorlton, Manchester",Mediterranean,14138
2025-06-27,Railway Grill,96,13.02,1249.52,782.8,466.72,37.35194314616813,Manchester,Grill,15000
2025-06-28,CASA DE MOOR - CHORLTON,194,16.15,3133.73,1944.11,1189.61,37.961470835075126,"Chorlton, Manchester",Mediterranean,14138
2025-06-28,Railway Grill,184,12.78,2351.66,1550.28,801.38,34.07720503814327,Manchester,Grill,15000
2025-06-29,CASA DE MOOR - CHORLTON,186,16.43,3055.94,1480.86,1575.08,51.54158785840036,"Chorlton, Manchester",Mediterranean,14138
2025-06-29,Railway Grill,108,33.72,3641.56,2156.76,1484.79,40.77345972605147,Manchester,Grill,15000
2025-06-30,CASA DE MOOR - CHORLTON,165,31.42,5185.06,2829.65,2355.42,45.42705388172943,"Chorlton, Manchester",Mediterranean,14138
2025-06-30,Railway Grill,152,12.85,1953.38,1228.44,724.94,37.112082646489675,Manchester,Grill,15000
2025-07-01,CASA DE MOOR - CHORLTON,157,14.77,2319.37,1097.26,1222.11,52.691463630209924,"Chorlton, Manchester",Mediterranean,14138
2025-07-01,Railway Grill,86,24.2,2080.86,1211.71,869.16,41.76926847553415,Manchester,Grill,15000
2025-07-02,CASA DE MOOR - CHORLTON,157,25.17,3951.04,2730.93,1220.11,30.88073013687535,"Chorlton, Manchester",Mediterranean,14138
2025-07-02,Railway Grill,53,30.19,1599.89,872.94,726.95,45.437498828044426,Manchester,Grill,15000
2025-07-03,CASA DE MOOR - CHORLTON,65,21.82,1418.09,1011.1,406.99,28.69987095318351,"Chorlton, Manchester",Mediterranean,14138
2025-07-03,Railway Grill,104,22.62,2352.97,1757.91,595.06,25.28974020068254,Manchester,Grill,15000
2025-07-04,CASA DE MOOR - CHORLTON,62,24.17,1498.26,1096.31,401.95,26.827786899470052,"Chorlton, Manchester",Mediterranean,14138
2025-07-04,Railway Grill,172,34.95,6011.83,3337.85,2673.98,44.478636288783946,Manchester,Grill,15000
2025-07-05,CASA DE MOOR - CHORLTON,111,23.04,2557.12,1632.09,925.03,36.174680891002374,"Chorlton, Manchester",Mediterranean,14138
2025-07-05,Railway Grill,170,29.67,5043.95,2901.94,2142.01,42.466915810029846,Manchester,Grill,15000
2025-07-06,CASA DE MOOR - CHORLTON,152,24.02,3650.73,2444.82,1205.9,33.03174981442068,"Chorlton, Manchester",Mediterranean,14138
2025-07-06,Railway Grill,52,22.75,1182.9,637.7,545.2,46.09011750781977,Manchester,Grill,15000
2025-07-07,CASA DE MOOR - CHORLTON,117,28.46,3329.55,2086.74,1242.81,37.326665765644,"Chorlton, Manchester",Mediterranean,14138
2025-07-07,Railway Grill,122,14.52,1771.17,1005.12,766.05,43.25107132573383,Manchester,Grill,15000
2025-07-08,CASA DE MOOR - CHORLTON,189,34.0,6425.54,4429.75,1995.79,31.060268864562357,"Chorlton, Manchester",Mediterranean,14138
2025-07-08,Railway Grill,173,21.6,3737.55,2667.62,1069.93,28.626506668807107,Manchester,Grill,15000
2025-07-09,CASA DE MOOR - CHORLTON,95,25.82,2452.74,1768.72,684.03,27.888402358179015,"Chorlton, Manchester",Mediterranean,14138
2025-07-09,Railway Grill,101,13.49,1362.96,777.54,585.43,42.952837940952044,Manchester,Grill,15000
2025-07-10,CASA DE MOOR - CHORLTON,142,26.94,3825.75,2419.1,1406.65,36.76795399594851,"Chorlton, Manchester",Mediterranean,14138
2025-07-10,Railway Grill,159,17.31,2751.56,1383.92,1367.64,49.70416781752897,Manchester,Grill,15000
2025-07-11,CASA DE MOOR - CHORLTON,52,31.0,1612.14,1112.75,499.39,30.9768382398551,"Chorlton, Manchester",Mediterranean,14138
2025-07-11,Railway Grill,103,34.29,3531.8,2525.72,1006.08,28.486324253921513,Manchester,Grill,15000
2025-07-12,CASA DE MOOR - CHORLTON,148,25.74,3809.12,2314.08,1495.04,39.24896038980132,"Chorlton, Manchester",Mediterranean,14138
2025-07-12,Railway Grill,172,21.11,3631.53,2460.26,1171.27,32.252797030452726,Manchester,Grill,15000
2025-07-13,CASA DE MOOR - CHORLTON,111,34.92,3875.65,2787.48,1088.16,28.076838723826974,"Chorlton, Manchester",Mediterranean,14138
2025-07-13,Railway Grill,62,17.15,1063.16,649.69,413.47,38.89066556303849,Manchester,Grill,15000
2025-07-14,CASA DE MOOR - CHORLTON,122,32.58,3975.15,2814.56,1160.59,29.196130963611434,"Chorlton, Manchester",Mediterranean,14138
2025-07-14,Railway Grill,60,32.18,1930.9,1022.76,908.14,47.03195401108291,Manchester,Grill,15000
2025-07-15,CASA DE MOOR - CHORLTON,78,32.44,2530.41,1864.14,666.27,26.33051560814256,"Chorlton, Manchester",Mediterranean,14138
2025-07-15,Railway Grill,125,12.81,1601.84,878.95,722.89,45.12872696399141,Manchester,Grill,15000
2025-07-16,CASA DE MOOR - CHORLTON,74,24.67,1825.56,869.14,956.42,52.390499353623,"Chorlton, Manchester",Mediterranean,14138
2025-07-16,Railway Grill,173,20.57,3558.93,1878.85,1680.08,47.20744718215869,Manchester,Grill,15000
2025-07-17,CASA DE MOOR - CHORLTON,182,13.12,2388.21,1456.28,931.92,39.02169407212933,"Chorlton, Manchester",Mediterranean,14138
2025-07-17,Railway Grill,86,17.06,1467.52,961.19,506.33,34.50242586131705,Manchester,Grill,15000
2025-07-18,CASA DE MOOR - CHORLTON,130,13.41,1743.94,1246.69,497.25,28.513022237003565,"Chorlton, Manchester",Mediterranean,14138
2025-07-18,Railway Grill,111,25.63,2844.42,1983.71,860.71,30.259595980902958,Manchester,Grill,15000
2025-07-19,CASA DE MOOR - CHORLTON,105,27.23,2859.0,1752.95,1106.05,38.686603707590066,"Chorlton, Manchester",Mediterranean,14138
2025-07-19,Railway Grill,82,32.21,2641.1,1820.32,820.78,31.07720268070122,Manchester,Grill,15000
2025-07-20,CASA DE MOOR - CHORLTON,141,31.56,4450.44,3160.65,1289.79,28.981179389004236,"Chorlton, Manchester",Mediterranean,14138
2025-07-20,Railway Grill,62,31.25,1937.58,1277.33,660.25,34.07601234529671,Manchester,Grill,15000
2025-07-21,CASA DE MOOR - CHORLTON,149,26.23,3907.98,2641.07,1266.91,32.41853847767901,"Chorlton, Manchester",Mediterranean,14138
2025-07-21,Railway Grill,56,32.28,1807.55,1334.68,472.86,26.160272191640622,Manchester,Grill,15000
2025-07-22,CASA DE MOOR - CHORLTON,80,30.99,2479.5,1211.64,1267.87,51.13409961685823,"Chorlton, Manchester",Mediterranean,14138
2025-07-22,Railway Grill,156,17.26,2692.31,1945.49,746.82,27.73900479513875,Manchester,Grill,15000
2025-07-23,CASA DE MOOR - CHORLTON,131,30.81,4036.53,2824.12,1212.41,30.035946716610557,"Chorlton, Manchester",Mediterranean,14138
2025-07-23,Railway Grill,61,12.15,740.96,397.24,343.72,46.3884690131721,Manchester,Grill,15000
2025-07-24,CASA DE MOOR - CHORLTON,95,19.51,1853.26,1145.23,708.03,38.204569245545684,"Chorlton, Manchester",Mediterranean,14138
2025-07-24,Railway Grill,153,17.98,2750.25,1760.71,989.53,35.979638214707755,Manchester,Grill,15000
2025-07-25,CASA DE MOOR - CHORLTON,137,30.83,4223.66,2063.4,2160.26,51.146635856105846,"Chorlton, Manchester",Mediterranean,14138
2025-07-25,Railway Grill,123,21.94,2698.81,1894.66,804.15,29.796465849763415,Manchester,Grill,15000
2025-07-26,CASA DE MOOR - CHORLTON,109,16.13,1758.0,1188.6,569.4,32.389078498293514,"Chorlton, Manchester",Mediterranean,14138
2025-07-26,Railway Grill,71,33.56,2382.49,1563.79,818.71,34.36362796905759,Manchester,Grill,15000
2025-07-27,CASA DE MOOR - CHORLTON,117,18.92,2213.89,1466.6,747.3,33.75506461477309,"Chorlton, Manchester",Mediterranean,14138
2025-07-27,Railway Grill,199,28.3,5631.13,3334.04,2297.1,40.79287816122164,Manchester,Grill,15000
2025-07-28,CASA DE MOOR - CHORLTON,71,26.28,1865.96,865.29,1000.67,53.62762331454051,"Chorlton, Manchester",Mediterranean,14138
2025-07-28,Railway Grill,99,34.77,3442.57,2247.36,1195.21,34.71853876609626,Manchester,Grill,15000
2025-07-29,CASA DE MOOR - CHORLTON,174,20.82,3623.22,1701.78,1921.44,53.03128156722474,"Chorlton, Manchester",Mediterranean,14138
2025-07-29,Railway Grill,82,19.44,1594.33,951.17,643.16,40.34045649269599,Manchester,Grill,15000
2025-07-30,CASA DE MOOR - CHORLTON,107,12.02,1286.53,640.28,646.25,50.23201946320724,"Chorlton, Manchester",Mediterranean,14138
2025-07-30,Railway Grill,78,33.72,2630.08,1264.17,1365.91,51.934161698503466,Manchester,Grill,15000
2025-07-31,CASA DE MOOR - CHORLTON,88,24.12,2122.7,1481.17,641.53,30.22235831723748,"Chorlton, Manchester",Mediterranean,14138
2025-07-31,Railway Grill,124,17.08,2117.63,1005.27,1112.36,52.52853425763707,Manchester,Grill,15000
2025-08-01,CASA DE MOOR - CHORLTON,133,27.05,3598.15,1914.14,1684.01,46.80210663813348,"Chorlton, Manchester",Mediterranean,14138
2025-08-01,Railway Grill,130,34.15,4440.08,2039.73,2400.35,54.06096286553396,Manchester,Grill,15000
2025-08-02,CASA DE MOOR - CHORLTON,70,32.92,2304.33,1629.64,674.69,29.279226499676696,"Chorlton, Manchester",Mediterranean,14138
2025-08-02,Railway Grill,133,21.14,2812.24,1496.86,1315.38,46.7733906067761,Manchester,Grill,15000
2025-08-03,CASA DE MOOR - CHORLTON,180,19.17,3451.48,1885.28,1566.2,45.37763510146372,"Chorlton, Manchester",Mediterranean,14138
2025-08-03,Railway Grill,64,29.15,1865.87,951.8,914.08,48.9894794385461,Manchester,Grill,15000
2025-08-04,CASA DE MOOR - CHORLTON,74,28.44,2104.8,1302.5,802.3,38.11763587989357,"Chorlton, Manchester",Mediterranean,14138
2025-08-04,Railway Grill,76,34.27,2604.4,1316.94,1287.47,49.43441867608662,Manchester,Grill,15000
2025-08-05,CASA DE MOOR - CHORLTON,194,14.1,2734.78,1356.72,1378.06,50.39015935468301,"Chorlton, Manchester",Mediterranean,14138
2025-08-05,Railway Grill,76,31.43,2388.68,1620.26,768.42,32.16923154210694,Manchester,Grill,15000
2025-08-06,CASA DE MOOR - CHORLTON,180,30.33,5458.74,2938.17,2520.57,46.174941470009564,"Chorlton, Manchester",Mediterranean,14138
2025-08-06,Railway Grill,73,33.18,2422.1,1538.02,884.08,36.50055736757359,Manchester,Grill,15000
2025-08-07,CASA DE MOOR - CHORLTON,95,22.63,2149.68,968.15,1181.53,54.96306427003089,"Chorlton, Manchester",Mediterranean,14138
2025-08-07,Railway Grill,66,25.97,1713.89,898.53,815.36,47.57364825047115,Manchester,Grill,15000
2025-08-08,CASA DE MOOR - CHORLTON,58,16.61,963.5,575.67,387.83,40.25220550077841,"Chorlton, Manchester",Mediterranean,14138
2025-08-08,Railway Grill,112,26.98,3022.31,1655.56,1366.76,45.2223630269562,Manchester,Grill,15000
2025-08-09,CASA DE MOOR - CHORLTON,179,30.34,5431.55,2949.92,2481.63,45.68916791707708,"Chorlton, Manchester",Mediterranean,14138
2025-08-09,Railway Grill,121,22.69,2744.98,1795.59,949.39,34.58640864414313,Manchester,Grill,15000
2025-08-10,CASA DE MOOR - CHORLTON,131,23.04,3018.06,1901.39,1116.66,36.99926442814259,"Chorlton, Manchester",Mediterranean,14138
2025-08-10,Railway Grill,81,27.11,2195.96,1486.92,709.04,32.28838412357238,Manchester,Grill,15000
2025-08-11,CASA DE MOOR - CHORLTON,151,32.88,4964.85,3312.98,1651.88,33.27149863540691,"Chorlton, Manchester",Mediterranean,14138
2025-08-11,Railway Grill,137,15.36,2103.8,1011.59,1092.21,51.91605665937826,Manchester,Grill,15000
2025-08-12,CASA DE MOOR - CHORLTON,95,15.28,1451.35,870.33,581.03,40.033761670169156,"Chorlton, Manchester",Mediterranean,14138
2025-08-12,Railway Grill,135,16.84,2273.14,1258.87,1014.26,44.61933712837749,Manchester,Grill,15000
2025-08-13,CASA DE MOOR - CHORLTON,146,23.91,3490.48,1662.72,1827.75,52.36385826591186,"Chorlton, Manchester",Mediterranean,14138
2025-08-13,Railway Grill,126,13.81,1739.72,990.03,749.69,43.09256661991585,Manchester,Grill,15000
2025-08-14,CASA DE MOOR - CHORLTON,152,16.62,2526.2,1662.14,864.07,34.20433853218273,"Chorlton, Manchester",Mediterranean,14138
2025-08-14,Railway Grill,192,16.6,3187.86,1594.71,1593.15,49.97553217518963,Manchester,Grill,15000
2025-08-15,CASA DE MOOR - CHORLTON,98,33.89,3320.79,1618.11,1702.68,51.27334158438204,"Chorlton, Manchester",Mediterranean,14138
2025-08-15,Railway Grill,172,12.73,2188.95,1599.83,589.13,26.913817126933004,Manchester,Grill,15000
2025-08-16,CASA DE MOOR - CHORLTON,152,26.1,3966.85,2140.72,1826.14,46.03501518837365,"Chorlton, Manchester",Mediterranean,14138
2025-08-16,Railway Grill,57,33.79,1925.98,1227.99,697.99,36.240770932200746,Manchester,Grill,15000
2025-08-17,CASA DE MOOR - CHORLTON,133,19.81,2634.38,1829.44,804.94,30.555197048261828,"Chorlton, Manchester",Mediterranean,14138
2025-08-17,Railway Grill,56,27.2,1523.14,938.1,585.04,38.41012644930866,Manchester,Grill,15000
2025-08-18,CASA DE MOOR - CHORLTON,183,30.8,5636.01,3300.98,2335.02,41.43037361537684,"Chorlton, Manchester",Mediterranean,14138
2025-08-18,Railway Grill,52,12.94,672.74,335.83,336.91,50.080268751672264,Manchester,Grill,15000
2025-08-19,CASA DE MOOR - CHORLTON,63,13.88,874.28,409.26,465.03,53.19005352976163,"Chorlton, Manchester",Mediterranean,14138
2025-08-19,Railway Grill,136,26.96,3666.12,2176.88,1489.24,40.62169268872814,Manchester,Grill,15000
2025-08-20,CASA DE MOOR - CHORLTON,171,19.57,3346.03,1977.68,1368.34,40.89443310430569,"Chorlton, Manchester",Mediterranean,14138
2025-08-20,Railway Grill,185,32.05,5929.65,3439.77,2489.88,41.990336697781494,Manchester,Grill,15000
2025-08-21,CASA DE MOOR - CHORLTON,81,23.46,1900.14,1171.64,728.5,38.33928026355953,"Chorlton, Manchester",Mediterranean,14138
2025-08-21,Railway Grill,195,27.03,5269.88,2896.83,2373.06,45.03062688334459,Manchester,Grill,15000
2025-08-22,CASA DE MOOR - CHORLTON,105,34.42,3614.13,2331.46,1282.66,35.490145622874664,"Chorlton, Manchester",Mediterranean,14138
2025-08-22,Railway Grill,84,17.07,1434.12,825.37,608.76,42.4483306836248,Manchester,Grill,15000
2025-08-23,CASA DE MOOR - CHORLTON,146,31.33,4574.24,2297.45,2276.79,49.77417013536675,"Chorlton, Manchester",Mediterranean,14138
2025-08-23,Railway Grill,73,21.79,1590.4,880.73,709.67,44.622107645875246,Manchester,Grill,15000
2025-08-24,CASA DE MOOR - CHORLTON,157,29.66,4656.25,2800.52,1855.73,39.854604026845635,"Chorlton, Manchester",Mediterranean,14138
2025-08-24,Railway Grill,99,31.94,3162.23,1971.98,1190.26,37.639893366390176,Manchester,Grill,15000
2025-08-25,CASA DE MOOR - CHORLTON,166,21.1,3502.08,2212.81,1289.27,36.8144074378655,"Chorlton, Manchester",Mediterranean,14138
2025-08-25,Railway Grill,128,32.72,4187.67,2414.26,1773.41,42.34837033481626,Manchester,Grill,15000
2025-08-26,CASA DE MOOR - CHORLTON,164,18.53,3038.7,1694.82,1343.88,44.22549116398461,"Chorlton, Manchester",Mediterranean,14138
2025-08-26,Railway Grill,180,26.33,4739.08,3030.49,1708.59,36.05320019919478,Manchester,Grill,15000
2025-08-27,CASA DE MOOR - CHORLTON,192,17.42,3345.26,2284.14,1061.12,31.72010546265462,"Chorlton, Manchester",Mediterranean,14138
2025-08-27,Railway Grill,149,32.91,4903.25,2470.77,2432.48,49.6095446897466,Manchester,Grill,15000
2025-08-28,CASA DE MOOR - CHORLTON,63,34.34,2163.55,1091.06,1072.49,49.5708442143699,"Chorlton, Manchester",Mediterranean,14138
2025-08-28,Railway Grill,118,13.59,1603.63,931.95,671.68,41.88497346644799,Manchester,Grill,15000
2025-08-29,CASA DE MOOR - CHORLTON,109,21.32,2323.39,1458.8,864.59,37.21243527776224,"Chorlton, Manchester",Mediterranean,14138
2025-08-29,Railway Grill,133,25.64,3409.84,1701.7,1708.13,50.09413931445464,Manchester,Grill,15000
2025-08-30,CASA DE MOOR - CHORLTON,172,19.18,3298.86,1879.4,1419.45,43.0285007548062,"Chorlton, Manchester",Mediterranean,14138
2025-08-30,Railway Grill,54,19.48,1051.89,717.43,334.46,31.79610035269847,Manchester,Grill,15000
2025-08-31,CASA DE MOOR - CHORLTON,94,17.45,1640.45,853.7,786.76,47.96001097259898,"Chorlton, Manchester",Mediterranean,14138
2025-08-31,Railway Grill,59,13.69,807.74,404.62,403.12,49.907148339812316,Manchester,Grill,15000
2025-09-01,CASA DE MOOR - CHORLTON,142,19.75,2804.65,1959.51,845.14,30.133528247731444,"Chorlton, Manchester",Mediterranean,14138
2025-09-01,Railway Grill,50,22.34,1116.85,699.56,417.29,37.36311948784529,Manchester,Grill,15000
2025-09-02,CASA DE MOOR - CHORLTON,50,17.81,890.41,496.65,393.76,44.22232454711874,"Chorlton, Manchester",Mediterranean,14138
2025-09-02,Railway Grill,77,12.84,988.95,663.5,325.44,32.90762930380707,Manchester,Grill,15000
2025-09-03,CASA DE MOOR - CHORLTON,98,31.42,3078.76,2129.58,949.18,30.829944523119696,"Chorlton, Manchester",Mediterranean,14138
2025-09-03,Railway Grill,160,31.97,5115.24,2617.74,2497.5,48.824688577662045,Manchester,Grill,15000
2025-09-04,CASA DE MOOR - CHORLTON,197,18.2,3586.24,1675.22,1911.01,53.287286963504954,"Chorlton, Manchester",Mediterranean,14138
2025-09-04,Railway Grill,86,33.54,2884.61,1332.12,1552.49,53.81975379687375,Manchester,Grill,15000
2025-09-05,CASA DE MOOR - CHORLTON,168,17.17,2884.25,1453.67,1430.58,49.599722631533325,"Chorlton, Manchester",Mediterranean,14138
2025-09-05,Railway Grill,108,19.27,2081.33,1253.32,828.02,39.783215540063324,Manchester,Grill,15000
2025-09-06,CASA DE MOOR - CHORLTON,61,15.41,940.13,701.32,238.8,25.400742450512166,"Chorlton, Manchester",Mediterranean,14138
2025-09-06,Railway Grill,92,12.4,1140.78,623.93,516.84,45.30584337032557,Manchester,Grill,15000
2025-09-07,CASA DE MOOR - CHORLTON,78,31.96,2493.05,1461.98,1031.07,41.35777461342532,"Chorlton, Manchester",Mediterranean,14138
2025-09-07,Railway Grill,87,15.21,1323.44,607.45,715.99,54.10067702351448,Manchester,Grill,15000
2025-09-08,CASA DE MOOR - CHORLTON,94,15.3,1438.34,1052.79,385.55,26.805206001362684,"Chorlton, Manchester",Mediterranean,14138
2025-09-08,Railway Grill,173,27.49,4755.59,3523.76,1231.82,25.90256939727773,Manchester,Grill,15000
2025-09-09,CASA DE MOOR - CHORLTON,178,28.81,5128.02,2547.85,2580.17,50.31513137624268,"Chorlton, Manchester",Mediterranean,14138
2025-09-09,Railway Grill,151,31.97,4827.06,2428.71,2398.35,49.68552286484941,Manchester,Grill,15000
2025-09-10,CASA DE MOOR - CHORLTON,83,27.22,2259.06,1679.81,579.25,25.64119589563801,"Chorlton, Manchester",Mediterranean,14138
2025-09-10,Railway Grill,163,17.62,2871.31,2007.8,863.51,30.073729412707088,Manchester,Grill,15000
2025-09-11,CASA DE MOOR - CHORLTON,96,25.12,2411.91,1107.35,1304.56,54.08825370764249,"Chorlton, Manchester",Mediterranean,14138
2025-09-11,Railway Grill,121,30.3,3665.91,2659.99,1005.91,27.439571620688994,Manchester,Grill,15000
2025-09-12,CASA DE MOOR - CHORLTON,50,16.96,848.03,549.24,298.79,35.2334233458722,"Chorlton, Manchester",Mediterranean,14138
2025-09-12,Railway Grill,102,27.34,2788.72,1737.8,1050.91,37.68431395048625,Manchester,Grill,15000
2025-09-13,CASA DE MOOR - CHORLTON,112,34.48,3861.2,2208.89,1652.31,42.79265513311924,"Chorlton, Manchester",Mediterranean,14138
2025-09-13,Railway Grill,62,29.99,1859.68,1153.2,706.48,37.98933149789211,Manchester,Grill,15000
2025-09-14,CASA DE MOOR - CHORLTON,117,26.96,3154.53,2143.68,1010.85,32.04439330106228,"Chorlton, Manchester",Mediterranean,14138
2025-09-14,Railway Grill,181,27.35,4951.19,3427.98,1523.22,30.764725247869706,Manchester,Grill,15000
2025-09-15,CASA DE MOOR - CHORLTON,131,32.19,4217.09,2298.98,1918.1,45.48397117443545,"Chorlton, Manchester",Mediterranean,14138
2025-09-15,Railway Grill,158,30.81,4868.01,2366.16,2501.85,51.393690645664236,Manchester,Grill,15000
2025-09-16,CASA DE MOOR - CHORLTON,103,26.93,2773.66,1521.39,1252.27,45.14864835632342,"Chorlton, Manchester",Mediterranean,14138
2025-09-16,Railway Grill,114,20.43,2328.86,1324.78,1004.08,43.114656956622554,Manchester,Grill,15000
2025-09-17,CASA DE MOOR - CHORLTON,198,20.75,4108.43,2524.84,1583.6,38.54513768033044,"Chorlton, Manchester",Mediterranean,14138
2025-09-17,Railway Grill,98,24.55,2405.98,1403.47,1002.51,41.667428656929815,Manchester,Grill,15000
2025-09-18,CASA DE MOOR - CHORLTON,151,13.68,2066.21,1303.85,762.36,36.89654004191249,"Chorlton, Manchester",Mediterranean,14138
2025-09-18,Railway Grill,159,26.78,4257.9,2886.02,1371.88,32.21963878907444,Manchester,Grill,15000
2025-09-19,CASA DE MOOR - CHORLTON,58,20.74,1202.63,852.67,349.97,29.10038831560829,"Chorlton, Manchester",Mediterranean,14138
2025-09-19,Railway Grill,97,31.48,3054.03,2211.95,842.08,27.57274813934375,Manchester,Grill,15000
2025-09-20,CASA DE MOOR - CHORLTON,61,15.43,941.04,572.14,368.9,39.20130918983252,"Chorlton, Manchester",Mediterranean,14138
2025-09-20,Railway Grill,93,22.96,2135.65,1213.71,921.94,43.169058600426105,Manchester,Grill,15000
2025-09-21,CASA DE MOOR - CHORLTON,136,30.7,4175.02,2778.21,1396.81,33.456366676087775,"Chorlton, Manchester",Mediterranean,14138
2025-09-21,Railway Grill,172,23.99,4126.0,2874.66,1251.34,30.328162869607368,Manchester,Grill,15000
2025-09-22,CASA DE MOOR - CHORLTON,156,12.17,1899.14,1223.5,675.63,35.57557631348926,"Chorlton, Manchester",Mediterranean,14138
2025-09-22,Railway Grill,173,33.96,5874.59,3797.38,2077.21,35.35923358055626,Manchester,Grill,15000
2025-09-23,CASA DE MOOR - CHORLTON,100,13.39,1338.61,977.63,360.98,26.966778972217455,"Chorlton, Manchester",Mediterranean,14138
2025-09-23,Railway Grill,68,14.33,974.62,580.64,393.98,40.42396010752909,Manchester,Grill,15000
2025-09-24,CASA DE MOOR - CHORLTON,166,18.55,3079.64,1669.74,1409.9,45.78132508994558,"Chorlton, Manchester",Mediterranean,14138
2025-09-24,Railway Grill,84,25.36,2130.36,1015.94,1114.42,52.311346439099495,Manchester,Grill,15000
2025-09-25,CASA DE MOOR - CHORLTON,195,21.2,4133.57,3071.32,1062.26,25.698367270906264,"Chorlton, Manchester",Mediterranean,14138
2025-09-25,Railway Grill,139,14.8,2057.67,1037.78,1019.89,49.565285006828105,Manchester,Grill,15000
2025-09-26,CASA DE MOOR - CHORLTON,144,31.77,4574.39,3156.03,1418.36,31.00653857672826,"Chorlton, Manchester",Mediterranean,14138
2025-09-26,Railway Grill,120,18.79,2254.97,1551.47,703.5,31.1977542938487,Manchester,Grill,15000
2025-09-27,CASA DE MOOR - CHORLTON,91,33.11,3012.86,1739.5,1273.36,42.264160963337154,"Chorlton, Manchester",Mediterranean,14138
2025-09-27,Railway Grill,167,30.54,5099.82,3136.73,1963.08,38.49312328670424,Manchester,Grill,15000
2025-09-28,CASA DE MOOR - CHORLTON,169,24.11,4074.5,1970.8,2103.7,51.63087495398207,"Chorlton, Manchester",Mediterranean,14138
2025-09-28,Railway Grill,190,25.84,4909.04,3415.5,1493.54,30.42427847399899,Manchester,Grill,15000
2025-09-29,CASA DE MOOR - CHORLTON,186,30.26,5627.64,3624.1,2003.54,35.6017797869089,"Chorlton, Manchester",Mediterranean,14138
2025-09-29,Railway Grill,171,20.3,3470.92,2505.2,965.72,27.823170801977575,Manchester,Grill,15000
2025-09-30,CASA DE MOOR - CHORLTON,98,17.45,1709.91,1169.85,540.06,31.58411846237521,"Chorlton, Manchester",Mediterranean,14138
2025-09-30,Railway Grill,99,28.84,2854.67,2013.55,841.12,29.464701699320763,Manchester,Grill,15000
2025-10-01,CASA DE MOOR - CHORLTON,138,14.2,1959.23,1248.34,710.89,36.28415244764525,"Chorlton, Manchester",Mediterranean,14138
2025-10-01,Railway Grill,118,15.86,1871.99,1256.22,615.77,32.89387229632637,Manchester,Grill,15000
2025-10-02,CASA DE MOOR - CHORLTON,168,24.31,4084.62,2056.75,2027.88,49.646723563024224,"Chorlton, Manchester",Mediterranean,14138
2025-10-02,Railway Grill,86,26.77,2301.82,1455.05,846.77,36.78697726147136,Manchester,Grill,15000
2025-10-03,CASA DE MOOR - CHORLTON,60,17.33,1040.09,590.01,450.07,43.27221682738994,"Chorlton, Manchester",Mediterranean,14138
2025-10-03,Railway Grill,51,18.31,934.04,587.62,346.42,37.08834739411589,Manchester,Grill,15000
2025-10-04,CASA DE MOOR - CHORLTON,195,21.3,4153.37,2402.56,1750.81,42.15396172264932,"Chorlton, Manchester",Mediterranean,14138
2025-10-04,Railway Grill,73,14.95,1091.57,525.3,566.27,51.87665472667808,Manchester,Grill,15000
2025-10-05,CASA DE MOOR - CHORLTON,151,25.3,3820.74,2033.58,1787.16,46.77523202311595,"Chorlton, Manchester",Mediterranean,14138
2025-10-05,Railway Grill,85,13.97,1187.46,852.9,334.56,28.174422717396798,Manchester,Grill,15000
2025-10-06,CASA DE MOOR - CHORLTON,180,21.23,3820.92,2140.05,1680.87,43.9912377123834,"Chorlton, Manchester",Mediterranean,14138
2025-10-06,Railway Grill,119,20.16,2399.62,1129.81,1269.82,52.91754527800235,Manchester,Grill,15000
2025-10-07,CASA DE MOOR - CHORLTON,98,31.13,3051.02,1985.85,1065.17,34.91193109189714,"Chorlton, Manchester",Mediterranean,14138
2025-10-07,Railway Grill,76,26.72,2031.01,1079.17,951.85,46.86584507215622,Manchester,Grill,15000
2025-10-08,CASA DE MOOR - CHORLTON,99,27.64,2736.66,1421.01,1315.65,48.075025761329506,"Chorlton, Manchester",Mediterranean,14138
2025-10-08,Railway Grill,107,19.66,2103.52,1369.07,734.45,34.915284855860655,Manchester,Grill,15000
2025-10-09,CASA DE MOOR - CHORLTON,51,20.35,1037.73,776.89,260.84,25.13563258265637,"Chorlton, Manchester",Mediterranean,14138
2025-10-09,Railway Grill,79,19.67,1554.1,969.98,584.12,37.585740943311244,Manchester,Grill,15000
2025-10-10,CASA DE MOOR - CHORLTON,85,34.12,2900.06,1857.45,1042.61,35.951325144997,"Chorlton, Manchester",Mediterranean,14138
2025-10-10,Railway Grill,96,16.62,1595.66,974.55,621.11,38.924958951155006,Manchester,Grill,15000
2025-10-11,CASA DE MOOR - CHORLTON,170,30.9,5253.26,2365.92,2887.35,54.96301344308105,"Chorlton, Manchester",Mediterranean,14138
2025-10-11,Railway Grill,193,27.29,5267.54,3627.41,1640.13,31.13654571204016,Manchester,Grill,15000
2025-10-12,CASA DE MOOR - CHORLTON,193,20.8,4014.03,1950.61,2063.42,51.4051962740687,"Chorlton, Manchester",Mediterranean,14138
2025-10-12,Railway Grill,164,15.51,2542.91,1901.45,641.46,25.225430707339232,Manchester,Grill,15000
2025-10-13,CASA DE MOOR - CHORLTON,153,29.68,4540.7,2375.23,2165.47,47.69022397427709,"Chorlton, Manchester",Mediterranean,14138
2025-10-13,Railway Grill,79,23.98,1894.58,1206.99,687.59,36.29247643277138,Manchester,Grill,15000
2025-10-14,CASA DE MOOR - CHORLTON,81,14.94,1209.93,844.31,365.62,30.21827709041019,"Chorlton, Manchester",Mediterranean,14138
2025-10-14,Railway Grill,87,15.66,1362.77,639.05,723.72,53.10654035530574,Manchester,Grill,15000
2025-10-15,CASA DE MOOR - CHORLTON,85,18.97,1612.62,852.97,759.65,47.10657191402811,"Chorlton, Manchester",Mediterranean,14138
2025-10-15,Railway Grill,115,20.76,2387.51,1322.43,1065.07,44.610074931623316,Manchester,Grill,15000
2025-10-16,CASA DE MOOR - CHORLTON,124,30.98,3841.72,2051.13,1790.58,46.60881063690222,"Chorlton, Manchester",Mediterranean,14138
2025-10-16,Railway Grill,104,15.72,1634.94,1121.38,513.56,31.41155027095795,Manchester,Grill,15000
2025-10-17,CASA DE MOOR - CHORLTON,192,34.82,6685.37,4716.04,1969.33,29.457307523742145,"Chorlton, Manchester",Mediterranean,14138
2025-10-17,Railway Grill,61,33.4,2037.63,988.06,1049.56,51.508860784342595,Manchester,Grill,15000
2025-10-18,CASA DE MOOR - CHORLTON,131,26.44,3464.01,2259.55,1204.47,34.77097352490322,"Chorlton, Manchester",Mediterranean,14138
2025-10-18,Railway Grill,183,15.25,2790.64,1433.26,1357.38,48.640455236074885,Manchester,Grill,15000
2025-10-19,CASA DE MOOR - CHORLTON,63,13.86,873.25,498.53,374.72,42.91096478671629,"Chorlton, Manchester",Mediterranean,14138
2025-10-19,Railway Grill,115,15.54,1786.78,923.91,862.86,48.29133972845006,Manchester,Grill,15000
2025-10-20,CASA DE MOOR - CHORLTON,69,25.18,1737.42,1268.0,469.42,27.01822242175179,"Chorlton, Manchester",Mediterranean,14138
2025-10-20,Railway Grill,74,23.03,1703.86,927.1,776.76,45.588252555961176,Manchester,Grill,15000
2025-10-21,CASA DE MOOR - CHORLTON,144,23.2,3341.15,2111.19,1229.96,36.81247474671894,"Chorlton, Manchester",Mediterranean,14138
2025-10-21,Railway Grill,103,31.07,3200.69,1745.21,1455.48,45.47394468067823,Manchester,Grill,15000
2025-10-22,CASA DE MOOR - CHORLTON,183,15.37,2812.09,1575.5,1236.59,43.97405488444537,"Chorlton, Manchester",Mediterranean,14138
2025-10-22,Railway Grill,185,23.0,4254.89,2560.73,1694.16,39.81677552181138,Manchester,Grill,15000
2025-10-23,CASA DE MOOR - CHORLTON,128,34.15,4371.41,2687.8,1683.61,38.51411787043539,"Chorlton, Manchester",Mediterranean,14138
2025-10-23,Railway Grill,81,14.81,1199.35,753.54,445.81,37.170967607454045,Manchester,Grill,15000
2025-10-24,CASA DE MOOR - CHORLTON,80,23.64,1891.3,1100.46,790.84,41.81462486120658,"Chorlton, Manchester",Mediterranean,14138
2025-10-24,Railway Grill,109,31.58,3442.58,1549.51,1893.08,54.99015273428649,Manchester,Grill,15000
2025-10-25,CASA DE MOOR - CHORLTON,92,26.25,2415.05,1557.85,857.2,35.494089149292975,"Chorlton, Manchester",Mediterranean,14138
2025-10-25,Railway Grill,80,13.41,1072.88,734.1,338.79,31.577622846916707,Manchester,Grill,15000
2025-10-26,CASA DE MOOR - CHORLTON,59,16.87,995.35,592.61,402.74,40.4621489928166,"Chorlton, Manchester",Mediterranean,14138
2025-10-26,Railway Grill,105,18.84,1978.11,1145.53,832.59,42.09017698712408,Manchester,Grill,15000
2025-10-27,CASA DE MOOR - CHORLTON,186,15.27,2840.54,1381.68,1458.86,51.35854450210171,"Chorlton, Manchester",Mediterranean,14138
2025-10-27,Railway Grill,164,16.09,2638.53,1734.8,903.74,34.251647697771105,Manchester,Grill,15000
2025-10-28,CASA DE MOOR - CHORLTON,146,23.72,3462.64,2593.55,869.09,25.099057366633552,"Chorlton, Manchester",Mediterranean,14138
2025-10-28,Railway Grill,66,17.35,1145.16,591.18,553.98,48.37577281777219,Manchester,Grill,15000
2025-10-29,CASA DE MOOR - CHORLTON,101,27.08,2735.25,1926.72,808.53,29.559638058678367,"Chorlton, Manchester",Mediterranean,14138
2025-10-29,Railway Grill,112,30.22,3384.43,1934.0,1450.43,42.85596097422609,Manchester,Grill,15000
2025-10-30,CASA DE MOOR - CHORLTON,56,24.09,1348.85,801.88,546.97,40.55083960410721,"Chorlton, Manchester",Mediterranean,14138
2025-10-30,Railway Grill,135,34.17,4612.67,2419.69,2192.98,47.54252959782512,Manchester,Grill,15000
2025-10-31,CASA DE MOOR - CHORLTON,111,23.07,2560.87,1167.14,1393.73,54.42408244073304,"Chorlton, Manchester",Mediterranean,14138
2025-10-31,Railway Grill,128,25.39,3249.84,2126.35,1123.5,34.57093272284174,Manchester,Grill,15000
2025-11-01,CASA DE MOOR - CHORLTON,169,24.31,4108.75,2114.2,1994.55,48.54396105871615,"Chorlton, Manchester",Mediterranean,14138
2025-11-01,Railway Grill,131,13.49,1766.69,817.61,949.08,53.720799913963404,Manchester,Grill,15000
2025-11-02,CASA DE MOOR - CHORLTON,188,22.45,4220.73,2968.47,1252.26,29.66927522016334,"Chorlton, Manchester",Mediterranean,14138
2025-11-02,Railway Grill,166,23.23,3856.1,1908.83,1947.28,50.498690386660094,Manchester,Grill,15000
2025-11-03,CASA DE MOOR - CHORLTON,101,17.6,1777.6,1147.46,630.14,35.4489198919892,"Chorlton, Manchester",Mediterranean,14138
2025-11-03,Railway Grill,91,30.06,2735.04,1962.73,772.31,28.23761261261261,Manchester,Grill,15000
2025-11-04,CASA DE MOOR - CHORLTON,154,14.35,2209.81,1431.09,778.72,35.23922871197072,"Chorlton, Manchester",Mediterranean,14138
2025-11-04,Railway Grill,178,30.6,5447.57,2576.29,2871.28,52.70753748919243,Manchester,Grill,15000
2025-11-05,CASA DE MOOR - CHORLTON,146,31.34,4575.65,2111.79,2463.86,53.8472129642783,"Chorlton, Manchester",Mediterranean,14138
2025-11-05,Railway Grill,70,30.98,2168.46,1298.12,870.34,40.136317939920495,Manchester,Grill,15000
2025-11-06,CASA DE MOOR - CHORLTON,57,32.59,1857.5,1190.66,666.84,35.89986541049798,"Chorlton, Manchester",Mediterranean,14138
2025-11-06,Railway Grill,128,32.46,4154.37,2431.08,1723.29,41.481379848208036,Manchester,Grill,15000
2025-11-07,CASA DE MOOR - CHORLTON,118,28.96,3417.4,2062.97,1354.43,39.63334698893896,"Chorlton, Manchester",Mediterranean,14138
2025-11-07,Railway Grill,150,13.1,1965.02,906.67,1058.34,53.858993801589804,Manchester,Grill,15000
2025-11-08,CASA DE MOOR - CHORLTON,136,28.48,3872.66,1826.44,2046.22,52.8375845026416,"Chorlton, Manchester",Mediterranean,14138
2025-11-08,Railway Grill,66,34.0,2243.97,1506.27,737.7,32.87477105308895,Manchester,Grill,15000
2025-11-09,CASA DE MOOR - CHORLTON,107,22.62,2420.85,1809.53,611.32,25.252287419707958,"Chorlton, Manchester",Mediterranean,14138
2025-11-09,Railway Grill,192,33.67,6465.26,4429.69,2035.57,31.4847353393367,Manchester,Grill,15000
2025-11-10,CASA DE MOOR - CHORLTON,100,16.0,1600.45,767.45,833.01,52.048486363210344,"Chorlton, Manchester",Mediterranean,14138
2025-11-10,Railway Grill,143,31.1,4447.63,2093.12,2354.51,52.938531307685224,Manchester,Grill,15000
2025-11-11,CASA DE MOOR - CHORLTON,187,12.48,2334.08,1107.88,1226.21,52.53504592816014,"Chorlton, Manchester",Mediterranean,14138
2025-11-11,Railway Grill,130,18.8,2443.38,1663.37,780.01,31.92340119015462,Manchester,Grill,15000
2025-11-12,CASA DE MOOR - CHORLTON,122,20.78,2535.72,1297.54,1238.18,48.8295237644535,"Chorlton, Manchester",Mediterranean,14138
2025-11-12,Railway Grill,98,17.87,1751.7,925.27,826.43,47.178740651938114,Manchester,Grill,15000
2025-11-13,CASA DE MOOR - CHORLTON,154,26.81,4128.71,2514.76,1613.95,39.090902485279905,"Chorlton, Manchester",Mediterranean,14138
2025-11-13,Railway Grill,163,19.41,3163.99,1542.66,1621.32,51.242892676651955,Manchester,Grill,15000
2025-11-14,CASA DE MOOR - CHORLTON,140,34.54,4835.5,3049.1,1786.41,36.94364595181471,"Chorlton, Manchester",Mediterranean,14138
2025-11-14,Railway Grill,144,23.98,3452.78,2192.34,1260.44,36.50507706833334,Manchester,Grill,15000
2025-11-15,CASA DE MOOR - CHORLTON,60,13.01,780.36,377.1,403.25,51.674868009636576,"Chorlton, Manchester",Mediterranean,14138
2025-11-15,Railway Grill,195,17.17,3347.4,1880.07,1467.33,43.8349166517297,Manchester,Grill,15000
2025-11-16,CASA DE MOOR - CHORLTON,108,24.65,2662.43,1508.52,1153.91,43.34048219108109,"Chorlton, Manchester",Mediterranean,14138
2025-11-16,Railway Grill,163,33.69,5491.59,2867.75,2623.84,47.779240620658136,Manchester,Grill,15000
2025-11-17,CASA DE MOOR - CHORLTON,81,23.41,1896.14,860.49,1035.64,54.61832987015727,"Chorlton, Manchester",Mediterranean,14138
2025-11-17,Railway Grill,198,18.58,3678.02,2555.43,1122.59,30.52158498322467,Manchester,Grill,15000
2025-11-18,CASA DE MOOR - CHORLTON,168,32.22,5413.49,2855.78,2557.72,47.24715479293395,"Chorlton, Manchester",Mediterranean,14138
2025-11-18,Railway Grill,67,26.63,1784.19,921.21,862.98,48.36816706740874,Manchester,Grill,15000
2025-11-19,CASA DE MOOR - CHORLTON,175,31.37,5489.04,3669.69,1819.36,33.14532231501319,"Chorlton, Manchester",Mediterranean,14138
2025-11-19,Railway Grill,184,16.15,2972.28,1385.55,1586.73,53.38427066090677,Manchester,Grill,15000
2025-11-20,CASA DE MOOR - CHORLTON,135,29.32,3958.65,2101.25,1857.4,46.920035870814544,"Chorlton, Manchester",Mediterranean,14138
2025-11-20,Railway Grill,141,12.99,1832.01,914.99,917.02,50.05540362770946,Manchester,Grill,15000
2025-11-21,CASA DE MOOR - CHORLTON,78,27.76,2165.42,1034.12,1131.3,52.24390649389032,"Chorlton, Manchester",Mediterranean,14138
2025-11-21,Railway Grill,99,16.91,1674.17,1007.44,666.73,39.82451005572911,Manchester,Grill,15000
2025-11-22,CASA DE MOOR - CHORLTON,137,19.87,2722.85,1562.98,1159.87,42.59764584901849,"Chorlton, Manchester",Mediterranean,14138
2025-11-22,Railway Grill,146,23.69,3459.07,1865.36,1593.72,46.073655635763366,Manchester,Grill,15000
2025-11-23,CASA DE MOOR - CHORLTON,68,15.49,1053.05,503.49,549.56,52.18745548644414,"Chorlton, Manchester",Mediterranean,14138
2025-11-23,Railway Grill,157,26.63,4181.65,2836.56,1345.08,32.16625016440879,Manchester,Grill,15000
2025-11-24,CASA DE MOOR - CHORLTON,160,15.7,2511.92,1550.89,961.03,38.25878212681933,"Chorlton, Manchester",Mediterranean,14138
2025-11-24,Railway Grill,121,17.67,2138.51,1428.39,710.12,33.206297842890606,Manchester,Grill,15000
2025-11-25,CASA DE MOOR - CHORLTON,181,14.28,2584.88,1474.54,1110.34,42.95518554052799,"Chorlton, Manchester",Mediterranean,14138
2025-11-25,Railway Grill,155,27.12,4204.2,2284.05,1920.15,45.67218495789925,Manchester,Grill,15000
2025-11-26,CASA DE MOOR - CHORLTON,198,28.86,5714.41,3627.48,2086.93,36.52048067954522,"Chorlton, Manchester",Mediterranean,14138
2025-11-26,Railway Grill,115,20.17,2319.99,1589.51,730.48,31.486342613545755,Manchester,Grill,15000
2025-11-27,CASA DE MOOR - CHORLTON,135,31.51,4253.19,2985.69,1267.5,29.801161010911812,"Chorlton, Manchester",Mediterranean,14138
2025-11-27,Railway Grill,61,29.15,1778.26,908.24,870.03,48.92591634519137,Manchester,Grill,15000
2025-11-28,CASA DE MOOR - CHORLTON,170,27.6,4692.46,3176.23,1516.23,32.312049543309904,"Chorlton, Manchester",Mediterranean,14138
2025-11-28,Railway Grill,119,32.16,3827.39,2866.34,961.06,25.11006194822059,Manchester,Grill,15000
2025-11-29,CASA DE MOOR - CHORLTON,181,20.86,3776.32,2428.21,1348.11,35.69904033556478,"Chorlton, Manchester",Mediterranean,14138
2025-11-29,Railway Grill,187,32.38,6055.53,3802.35,2253.18,37.208634091483326,Manchester,Grill,15000
2025-11-30,CASA DE MOOR - CHORLTON,86,27.25,2343.5,1055.9,1287.6,54.943460635801145,"Chorlton, Manchester",Mediterranean,14138
2025-11-30,Railway Grill,152,12.07,1835.25,1166.99,668.26,36.41247786405122,Manchester,Grill,15000
2025-12-01,CASA DE MOOR - CHORLTON,53,16.17,857.03,485.34,371.69,43.36954365658145,"Chorlton, Manchester",Mediterranean,14138
2025-12-01,Railway Grill,66,25.53,1684.89,1001.32,683.57,40.57060104813964,Manchester,Grill,15000
2025-12-02,CASA DE MOOR - CHORLTON,63,28.64,1804.21,868.26,935.95,51.875890278847805,"Chorlton, Manchester",Mediterranean,14138
2025-12-02,Railway Grill,104,28.17,2929.44,1364.65,1564.79,53.41601125129717,Manchester,Grill,15000
2025-12-03,CASA DE MOOR - CHORLTON,73,27.56,2011.79,1391.15,620.64,30.850138433931974,"Chorlton, Manchester",Mediterranean,14138
2025-12-03,Railway Grill,109,19.41,2115.52,1355.94,759.59,35.90559295114204,Manchester,Grill,15000
2025-12-04,CASA DE MOOR - CHORLTON,199,27.99,5570.92,3753.56,1817.36,32.62225987808118,"Chorlton, Manchester",Mediterranean,14138
2025-12-04,Railway Grill,107,28.28,3025.6,2077.33,948.27,31.341552088841883,Manchester,Grill,15000
2025-12-05,CASA DE MOOR - CHORLTON,68,22.12,1504.47,743.56,760.91,50.57661502057202,"Chorlton, Manchester",Mediterranean,14138
2025-12-05,Railway Grill,162,21.98,3561.16,1697.18,1863.98,52.34193352727763,Manchester,Grill,15000
2025-12-06,CASA DE MOOR - CHORLTON,165,13.44,2217.35,1530.88,686.47,30.95902766816245,"Chorlton, Manchester",Mediterranean,14138
2025-12-06,Railway Grill,96,34.96,3356.35,2449.91,906.44,27.00671860801168,Manchester,Grill,15000
2025-12-07,CASA DE MOOR - CHORLTON,94,15.99,1503.06,963.86,539.2,35.873484757760835,"Chorlton, Manchester",Mediterranean,14138
2025-12-07,Railway Grill,197,30.07,5923.79,2876.0,3047.78,51.44983194880305,Manchester,Grill,15000
2025-12-08,CASA DE MOOR - CHORLTON,96,31.32,3006.28,1699.0,1307.28,43.484971459744266,"Chorlton, Manchester",Mediterranean,14138
2025-12-08,Railway Grill,186,33.86,6297.44,3217.24,3080.2,48.91193881958383,Manchester,Grill,15000
2025-12-09,CASA DE MOOR - CHORLTON,110,34.53,3798.51,1897.69,1900.82,50.04120036540643,"Chorlton, Manchester",Mediterranean,14138
2025-12-09,Railway Grill,156,12.56,1958.8,1370.2,588.6,30.04900959771289,Manchester,Grill,15000
2025-12-10,CASA DE MOOR - CHORLTON,130,33.38,4339.55,2971.62,1367.94,31.522623313477204,"Chorlton, Manchester",Mediterranean,14138
2025-12-10,Railway Grill,196,17.96,3520.91,2038.24,1482.67,42.11042031747475,Manchester,Grill,15000
2025-12-11,CASA DE MOOR - CHORLTON,118,31.36,3701.01,1872.08,1828.93,49.417051021207726,"Chorlton, Manchester",Mediterranean,14138
2025-12-11,Railway Grill,98,22.01,2156.9,1577.14,579.76,26.879317539060686,Manchester,Grill,15000
2025-12-12,CASA DE MOOR - CHORLTON,149,15.07,2245.44,1064.74,1180.69,52.58167664243979,"Chorlton, Manchester",Mediterranean,14138
2025-12-12,Railway Grill,88,23.42,2060.84,1197.46,863.38,41.89456726383416,Manchester,Grill,15000
2025-12-13,CASA DE MOOR - CHORLTON,106,12.16,1289.14,602.26,686.87,53.28125727229005,"Chorlton, Manchester",Mediterranean,14138
2025-12-13,Railway Grill,109,15.02,1637.29,932.69,704.61,43.03513733058896,Manchester,Grill,15000
2025-12-14,CASA DE MOOR - CHORLTON,133,27.11,3605.63,2657.29,948.34,26.301644927516133,"Chorlton, Manchester",Mediterranean,14138
2025-12-14,Railway Grill,157,13.03,2045.03,942.53,1102.5,53.91118956690122,Manchester,Grill,15000
2025-12-15,CASA DE MOOR - CHORLTON,184,17.68,3253.21,2348.42,904.8,27.812529778280528,"Chorlton, Manchester",Mediterranean,14138
2025-12-15,Railway Grill,169,34.42,5817.18,3265.55,2551.64,43.86386530930794,Manchester,Grill,15000
2025-12-16,CASA DE MOOR - CHORLTON,155,31.43,4871.67,2584.14,2287.54,46.9559719767554,"Chorlton, Manchester",Mediterranean,14138
2025-12-16,Railway Grill,122,23.21,2832.12,1303.02,1529.11,53.991709390845024,Manchester,Grill,15000
2025-12-17,CASA DE MOOR - CHORLTON,133,26.25,3491.66,2159.93,1331.73,38.1403114850816,"Chorlton, Manchester",Mediterranean,14138
2025-12-17,Railway Grill,70,24.25,1697.2,973.05,724.15,42.66733443318407,Manchester,Grill,15000
2025-12-18,CASA DE MOOR - CHORLTON,56,13.99,783.31,408.13,375.18,47.896745860515,"Chorlton, Manchester",Mediterranean,14138
2025-12-18,Railway Grill,197,14.94,2943.91,2103.84,840.07,28.53585877285651,Manchester,Grill,15000
2025-12-19,CASA DE MOOR - CHORLTON,198,13.2,2613.98,1504.71,1109.27,42.43605536385129,"Chorlton, Manchester",Mediterranean,14138
2025-12-19,Railway Grill,177,26.36,4666.04,2791.9,1874.14,40.16553651490343,Manchester,Grill,15000
2025-12-20,CASA DE MOOR - CHORLTON,70,17.9,1253.01,809.76,443.25,35.37481743960543,"Chorlton, Manchester",Mediterranean,14138
2025-12-20,Railway Grill,98,22.67,2221.7,1647.62,574.08,25.83967232299591,Manchester,Grill,15000
2025-12-21,CASA DE MOOR - CHORLTON,177,34.25,6062.11,3060.79,3001.32,49.50949421900956,"Chorlton, Manchester",Mediterranean,14138
2025-12-21,Railway Grill,166,17.18,2852.26,1498.26,1354.0,47.471128158022054,Manchester,Grill,15000
2025-12-22,CASA DE MOOR - CHORLTON,120,27.73,3327.16,2041.32,1285.84,38.64677382512413,"Chorlton, Manchester",Mediterranean,14138
2025-12-22,Railway Grill,110,17.23,1895.35,1082.61,812.74,42.880734428997286,Manchester,Grill,15000
2025-12-23,CASA DE MOOR - CHORLTON,92,13.56,1247.19,826.07,421.11,33.76470305246194,"Chorlton, Manchester",Mediterranean,14138
2025-12-23,Railway Grill,66,26.1,1722.38,891.93,830.46,48.21584087135243,Manchester,Grill,15000
2025-12-24,CASA DE MOOR - CHORLTON,147,23.15,3402.76,1700.47,1702.29,50.02674299686136,"Chorlton, Manchester",Mediterranean,14138
2025-12-24,Railway Grill,51,27.28,1391.09,716.17,674.92,48.5173497041888,Manchester,Grill,15000
2025-12-25,CASA DE MOOR - CHORLTON,123,22.63,2783.83,1596.61,1187.22,42.647000714842505,"Chorlton, Manchester",Mediterranean,14138
2025-12-25,Railway Grill,174,29.23,5086.63,2732.42,2354.21,46.282312651008624,Manchester,Grill,15000
2025-12-26,CASA DE MOOR - CHORLTON,87,30.55,2657.61,1562.07,1095.54,41.22275277410907,"Chorlton, Manchester",Mediterranean,14138
2025-12-26,Railway Grill,112,23.44,2624.93,1448.79,1176.14,44.80652817408465,Manchester,Grill,15000
2025-12-27,CASA DE MOOR - CHORLTON,70,15.79,1105.18,606.81,498.36,45.09310700519372,"Chorlton, Manchester",Mediterranean,14138
2025-12-27,Railway Grill,159,29.34,4665.77,2124.72,2541.06,54.46175015056463,Manchester,Grill,15000
2025-12-28,CASA DE MOOR - CHORLTON,128,32.23,4125.49,2933.94,1191.55,28.88262969974476,"Chorlton, Manchester",Mediterranean,14138
2025-12-28,Railway Grill,174,22.38,3893.86,2902.86,991.0,25.450324356807897,Manchester,Grill,15000
2025-12-29,CASA DE MOOR - CHORLTON,75,24.83,1862.52,1146.85,715.66,38.42428537680132,"Chorlton, Manchester",Mediterranean,14138
2025-12-29,Railway Grill,180,32.91,5924.17,3623.29,2300.89,38.839027239258826,Manchester,Grill,15000
2025-12-30,CASA DE MOOR - CHORLTON,55,20.55,1130.49,661.91,468.58,41.449283054250806,"Chorlton, Manchester",Mediterranean,14138
2025-12-30,Railway Grill,172,20.75,3568.94,2436.46,1132.48,31.731550544419353,Manchester,Grill,15000
2025-12-31,CASA DE MOOR - CHORLTON,100,16.5,1649.9,834.88,815.02,49.398145342141945,"Chorlton, Manchester",Mediterranean,14138
2025-12-31,Railway Grill,57,18.6,1060.44,729.43,331.01,31.214401569159968,Manchester,Grill,15000
