Restaurant,Age Group,Gender,Income Level,Monthly Sales (£),Monthly Cost (£),Customer Count,Profit (£),Profit Margin (%)
Zouk Tea Bar & Grill,18-24,Female,Low,3140,5713,461,-2573,-81.94267515923566
Delhi House Cafe,18-24,Male,Low,10458,8071,180,2387,22.82463186077644
Zouk Tea Bar & Grill,18-24,Female,High,12037,8967,286,3070,25.504693860596493
Zouk Tea Bar & Grill,55+,Female,High,3708,7405,295,-3697,-99.70334412081985
Zouk Tea Bar & Grill,45-54,Male,Low,5630,1175,275,4455,79.12966252220248
Delhi House Cafe,55+,Female,Low,5211,6285,257,-1074,-20.610247553252734
Zouk Tea Bar & Grill,45-54,Male,High,12485,3704,455,8781,70.33239887865439
Zouk Tea Bar & Grill,55+,Female,High,13924,5937,145,7987,57.36139040505602
Zouk Tea Bar & Grill,55+,Male,Low,14021,1369,471,12652,90.23607445973896
Delhi House Cafe,35-44,Male,Low,8538,2818,249,5720,66.99461232138674
Zouk Tea Bar & Grill,55+,Male,Low,11702,3101,296,8601,73.50025636643309
Zouk Tea Bar & Grill,25-34,Male,Middle,2475,5785,121,-3310,-133.73737373737373
Zouk Tea Bar & Grill,35-44,Female,High,9684,4490,367,5194,53.63486162742669
Zouk Tea Bar & Grill,55+,Male,Middle,11168,2779,234,8389,75.11640401146131
Delhi House Cafe,18-24,Female,High,3207,8674,55,-5467,-170.47084502650452
Zouk Tea Bar & Grill,25-34,Male,High,3960,2364,255,1596,40.303030303030305
Delhi House Cafe,25-34,Male,High,2557,8294,81,-5737,-224.36448963629255
Delhi House Cafe,25-34,Male,High,2882,6528,148,-3646,-126.50936849410132
Delhi House Cafe,35-44,Female,High,12386,5462,443,6924,55.9018246407234
Zouk Tea Bar & Grill,55+,Male,High,6761,4342,436,2419,35.77873095695903
Delhi House Cafe,55+,Female,High,12859,5739,305,7120,55.36977992067812
Zouk Tea Bar & Grill,18-24,Female,Middle,7867,4676,236,3191,40.56184059997457
Delhi House Cafe,18-24,Female,Low,8963,3426,125,5537,61.77619100747518
Delhi House Cafe,25-34,Female,Low,14869,1072,226,13797,92.79036922456116
Delhi House Cafe,18-24,Female,Middle,9166,3962,364,5204,56.77503818459524
Delhi House Cafe,35-44,Female,Middle,14982,6367,336,8615,57.50233613669737
Delhi House Cafe,55+,Female,Middle,9929,1859,398,8070,81.27706717695638
Delhi House Cafe,25-34,Female,Middle,7347,4856,304,2491,33.90499523615081
Delhi House Cafe,18-24,Female,High,9269,5138,374,4131,44.56791455388931
Delhi House Cafe,35-44,Male,Low,11802,3424,239,8378,70.98796814099305
Zouk Tea Bar & Grill,35-44,Male,High,13680,2064,357,11616,84.91228070175438
Zouk Tea Bar & Grill,18-24,Male,Low,10125,3217,394,6908,68.22716049382717
Delhi House Cafe,55+,Male,Low,4454,5017,176,-563,-12.640323304894476
Delhi House Cafe,18-24,Male,Middle,6494,3259,474,3235,49.815214043732674
Delhi House Cafe,25-34,Female,High,3946,6612,336,-2666,-67.56208819057274
Zouk Tea Bar & Grill,18-24,Female,Middle,14991,4751,303,10240,68.30765125742111
Delhi House Cafe,35-44,Female,High,4808,3086,262,1722,35.8153078202995
Zouk Tea Bar & Grill,18-24,Female,Low,8642,1368,299,7274,84.1703309419116
Zouk Tea Bar & Grill,55+,Female,Middle,5825,3804,133,2021,34.69527896995708
Zouk Tea Bar & Grill,45-54,Female,Middle,5536,1150,432,4386,79.22687861271676
Zouk Tea Bar & Grill,18-24,Female,Low,8068,2134,455,5934,73.54982647496283
Zouk Tea Bar & Grill,55+,Male,Low,5802,6599,437,-797,-13.736642537056188
Delhi House Cafe,55+,Male,Low,14369,6555,62,7814,54.380959008977655
Delhi House Cafe,35-44,Male,Middle,6699,6166,94,533,7.956411404687266
Delhi House Cafe,55+,Male,High,3970,6119,176,-2149,-54.130982367758186
Delhi House Cafe,55+,Female,Middle,7806,6694,475,1112,14.245452216243915
Delhi House Cafe,55+,Female,High,8142,3784,163,4358,53.52493244902973
Zouk Tea Bar & Grill,55+,Female,Middle,14014,7136,482,6878,49.079491936634795
Delhi House Cafe,25-34,Male,Middle,4819,6485,325,-1666,-34.57148786055198
Delhi House Cafe,25-34,Female,Low,11094,5164,254,5930,53.45231656751397
Zouk Tea Bar & Grill,35-44,Female,High,2364,3346,386,-982,-41.53976311336717
Delhi House Cafe,18-24,Female,Middle,6258,6039,487,219,3.4995206136145733
Zouk Tea Bar & Grill,55+,Male,Middle,5119,5897,469,-778,-15.198280914241064
Delhi House Cafe,18-24,Female,Low,12750,7439,434,5311,41.654901960784315
Zouk Tea Bar & Grill,18-24,Male,Low,3863,3250,448,613,15.868495987574423
Delhi House Cafe,35-44,Male,High,2115,1060,322,1055,49.881796690307326
Delhi House Cafe,55+,Male,Middle,9084,6041,457,3043,33.49845882870982
Zouk Tea Bar & Grill,55+,Male,High,10016,4010,107,6006,59.96405750798722
Zouk Tea Bar & Grill,45-54,Female,Middle,4384,4901,377,-517,-11.792883211678832
Zouk Tea Bar & Grill,18-24,Male,High,5935,2337,268,3598,60.62342038753159
Zouk Tea Bar & Grill,18-24,Male,Low,9742,2184,158,7558,77.58160541983166
Zouk Tea Bar & Grill,25-34,Female,Middle,7442,5426,328,2016,27.089492072023653
Zouk Tea Bar & Grill,45-54,Female,High,4490,2551,223,1939,43.18485523385301
Zouk Tea Bar & Grill,25-34,Male,Low,8980,5433,377,3547,39.498886414253896
Zouk Tea Bar & Grill,25-34,Female,Low,11134,2629,313,8505,76.38764145859528
Delhi House Cafe,25-34,Male,High,9661,2327,364,7334,75.91346651485354
Delhi House Cafe,35-44,Male,Middle,3724,2526,160,1198,32.16970998925886
Zouk Tea Bar & Grill,35-44,Male,Middle,12526,2673,236,9853,78.6603863962957
Delhi House Cafe,25-34,Male,Low,10182,2361,318,7821,76.81202121390689
Delhi House Cafe,45-54,Female,Middle,4767,2573,472,2194,46.02475351374029
Delhi House Cafe,18-24,Male,Middle,3137,3686,278,-549,-17.500796939751353
Delhi House Cafe,45-54,Female,Middle,12719,5370,205,7349,57.77969966192311
Zouk Tea Bar & Grill,55+,Female,Low,6117,6283,238,-166,-2.713748569560242
Delhi House Cafe,35-44,Female,High,5420,8610,321,-3190,-58.85608856088561
Zouk Tea Bar & Grill,18-24,Female,Middle,7845,3366,424,4479,57.09369024856596
Delhi House Cafe,18-24,Male,Low,6778,7732,51,-954,-14.074948362348774
Delhi House Cafe,55+,Female,Low,5906,7647,295,-1741,-29.47849644429394
Delhi House Cafe,55+,Male,High,5637,4757,259,880,15.611140677665425
Zouk Tea Bar & Grill,25-34,Female,Middle,4953,3434,450,1519,30.66828184938421
Delhi House Cafe,35-44,Female,Middle,7929,2993,335,4936,62.25249085635011
Zouk Tea Bar & Grill,35-44,Male,High,12559,1869,408,10690,85.11824189824031
Delhi House Cafe,45-54,Male,High,14413,7976,62,6437,44.66106986748075
Zouk Tea Bar & Grill,25-34,Male,Low,2276,2014,145,262,11.511423550087873
Delhi House Cafe,25-34,Female,Low,3999,2911,270,1088,27.206801700425103
Zouk Tea Bar & Grill,25-34,Female,High,3227,1602,287,1625,50.3563681437868
Zouk Tea Bar & Grill,25-34,Male,Middle,8337,4821,143,3516,42.1734436847787
Delhi House Cafe,35-44,Male,Low,13944,6895,387,7049,50.55220883534136
Zouk Tea Bar & Grill,35-44,Male,Low,5735,1690,318,4045,70.53182214472538
Delhi House Cafe,25-34,Male,Middle,2695,1493,220,1202,44.601113172541744
Delhi House Cafe,45-54,Female,Low,11501,1489,143,10012,87.05329971306843
Delhi House Cafe,18-24,Male,Middle,6152,7864,198,-1712,-27.828348504551364
Delhi House Cafe,18-24,Male,Middle,9901,8240,161,1661,16.77608322391678
Delhi House Cafe,45-54,Male,Middle,9470,3556,104,5914,62.449841605068634
Delhi House Cafe,25-34,Male,High,13426,5485,386,7941,59.14643229554596
Delhi House Cafe,35-44,Female,High,14306,8786,473,5520,38.58520900321543
Delhi House Cafe,18-24,Male,High,9537,1294,165,8243,86.43179196812414
Delhi House Cafe,55+,Female,Middle,12503,6488,192,6015,48.10845397104695
Delhi House Cafe,55+,Male,Middle,4841,5027,250,-186,-3.8421813674860568
Delhi House Cafe,45-54,Male,High,6208,3843,229,2365,38.09600515463917
Zouk Tea Bar & Grill,25-34,Female,Low,13751,3912,251,9839,71.5511599156425
Zouk Tea Bar & Grill,18-24,Male,Middle,13590,2717,413,10873,80.00735835172921
Delhi House Cafe,25-34,Female,Low,10733,3596,102,7137,66.49585390850648
Delhi House Cafe,18-24,Female,Low,12886,5744,433,7142,55.42449169641471
Delhi House Cafe,45-54,Male,Middle,14866,2873,229,11993,80.67402125655859
Delhi House Cafe,45-54,Female,Middle,3088,5663,463,-2575,-83.38730569948186
Delhi House Cafe,55+,Female,Low,5363,4258,466,1105,20.6041394741749
Delhi House Cafe,25-34,Female,Low,2024,7996,362,-5972,-295.05928853754943
Delhi House Cafe,55+,Female,High,11764,3817,357,7947,67.5535532131928
Delhi House Cafe,25-34,Female,High,8144,1444,186,6700,82.26915520628684
Zouk Tea Bar & Grill,55+,Female,Middle,13150,4641,231,8509,64.70722433460077
Delhi House Cafe,35-44,Female,High,7668,5458,416,2210,28.821074595722486
Zouk Tea Bar & Grill,35-44,Female,High,6236,7266,50,-1030,-16.516998075689546
Delhi House Cafe,35-44,Male,High,11959,6307,93,5652,47.26147671209968
Delhi House Cafe,35-44,Male,High,14935,1741,276,13194,88.34281888182123
Zouk Tea Bar & Grill,18-24,Female,Low,10068,3041,380,7027,69.79539133889551
Delhi House Cafe,35-44,Male,Middle,4235,1679,147,2556,60.354191263282175
Zouk Tea Bar & Grill,45-54,Female,High,9295,3467,257,5828,62.70037654653039
Delhi House Cafe,45-54,Female,Low,10392,4697,314,5695,54.80177059276367
Delhi House Cafe,18-24,Male,Low,13390,8419,337,4971,37.12471994025392
Zouk Tea Bar & Grill,35-44,Female,Low,10448,6738,320,3710,35.50918836140888
Delhi House Cafe,35-44,Female,High,5747,6668,189,-921,-16.025752566556463
Zouk Tea Bar & Grill,35-44,Female,High,14834,2358,286,12476,84.1040852096535
Delhi House Cafe,55+,Female,Middle,12433,7235,490,5198,41.80809136974182
Zouk Tea Bar & Grill,25-34,Male,High,5175,8697,441,-3522,-68.05797101449275
Zouk Tea Bar & Grill,55+,Female,High,13798,1062,121,12736,92.30323235251485
Delhi House Cafe,25-34,Female,Low,13528,8829,204,4699,34.73536369012419
Delhi House Cafe,35-44,Female,Middle,6897,3559,239,3338,48.397854139480934
Zouk Tea Bar & Grill,35-44,Male,High,7037,6258,317,779,11.070058263464544
Delhi House Cafe,55+,Female,High,9427,4769,370,4658,49.411265513949296
Delhi House Cafe,55+,Male,Low,10605,8352,156,2253,21.244695898161243
Delhi House Cafe,25-34,Male,Low,4014,6324,281,-2310,-57.548579970104626
Zouk Tea Bar & Grill,45-54,Female,High,3381,7915,91,-4534,-134.10233658680863
Zouk Tea Bar & Grill,25-34,Female,Middle,3098,8381,239,-5283,-170.52937378954164
Zouk Tea Bar & Grill,55+,Male,Middle,5426,5351,420,75,1.382233689642462
Zouk Tea Bar & Grill,55+,Female,Low,5655,1134,188,4521,79.94694960212202
Zouk Tea Bar & Grill,18-24,Male,Low,9938,4644,152,5294,53.27027570939828
Zouk Tea Bar & Grill,55+,Male,High,11101,5970,220,5131,46.22106116566076
Zouk Tea Bar & Grill,18-24,Female,Low,2187,5917,400,-3730,-170.55326931870144
Zouk Tea Bar & Grill,45-54,Female,High,14236,3135,322,11101,77.97836470918797
Zouk Tea Bar & Grill,25-34,Male,Middle,13948,8131,465,5817,41.70490392887869
Delhi House Cafe,25-34,Male,Middle,12207,4278,270,7929,64.95453428360777
Zouk Tea Bar & Grill,18-24,Male,High,7409,8296,262,-887,-11.97192603590228
Delhi House Cafe,25-34,Male,Low,4092,1822,390,2270,55.47409579667644
Delhi House Cafe,55+,Female,Middle,13836,4074,473,9762,70.55507372072853
Delhi House Cafe,35-44,Female,Low,4130,6069,456,-1939,-46.94915254237288
Zouk Tea Bar & Grill,18-24,Female,Middle,7242,3981,105,3261,45.028997514498755
Zouk Tea Bar & Grill,25-34,Female,High,10549,6873,439,3676,34.84690491989762
Zouk Tea Bar & Grill,18-24,Female,High,7647,1120,391,6527,85.35373349025762
Zouk Tea Bar & Grill,18-24,Male,High,7185,8552,483,-1367,-19.025748086290882
Delhi House Cafe,35-44,Female,Middle,7776,2637,151,5139,66.08796296296296
Zouk Tea Bar & Grill,55+,Female,Low,12614,8205,470,4409,34.95322657364833
Zouk Tea Bar & Grill,18-24,Female,Low,14449,6460,241,7989,55.291023600249154
Zouk Tea Bar & Grill,25-34,Female,Low,9913,6103,359,3810,38.43437909815394
Zouk Tea Bar & Grill,45-54,Female,Middle,9547,1924,249,7623,79.84707237875772
Zouk Tea Bar & Grill,18-24,Male,Middle,9823,1644,282,8179,83.26376870609793
Delhi House Cafe,18-24,Male,Middle,9355,3032,482,6323,67.58952431854624
Zouk Tea Bar & Grill,35-44,Male,Middle,8465,3761,276,4704,55.56999409332546
Delhi House Cafe,55+,Female,Middle,14737,8003,420,6734,45.694510415959826
Zouk Tea Bar & Grill,45-54,Male,Low,3497,3068,188,429,12.267657992565056
Delhi House Cafe,25-34,Male,Middle,12350,1241,393,11109,89.95141700404858
Zouk Tea Bar & Grill,45-54,Female,Middle,4555,7598,354,-3043,-66.80570801317234
Zouk Tea Bar & Grill,25-34,Female,Low,7409,8106,198,-697,-9.407477392360644
Delhi House Cafe,55+,Female,Middle,12534,3668,164,8866,70.7355991702569
Delhi House Cafe,25-34,Male,Low,4951,7446,499,-2495,-50.393859826297714
Delhi House Cafe,35-44,Male,Low,3238,6715,112,-3477,-107.3810994441013
Zouk Tea Bar & Grill,35-44,Female,High,11165,8762,153,2403,21.522615315718763
Delhi House Cafe,35-44,Female,High,6727,1802,388,4925,73.21242753084584
Zouk Tea Bar & Grill,35-44,Male,High,5965,6059,408,-94,-1.575859178541492
Zouk Tea Bar & Grill,45-54,Male,High,7686,5164,205,2522,32.81290658339839
Delhi House Cafe,55+,Female,Middle,11242,6248,322,4994,44.422700587084144
Delhi House Cafe,25-34,Female,High,5701,1195,55,4506,79.03876512892475
Zouk Tea Bar & Grill,25-34,Male,Low,4780,3187,196,1593,33.32635983263598
Zouk Tea Bar & Grill,35-44,Female,Middle,9398,4515,233,4883,51.95786337518621
Delhi House Cafe,35-44,Male,High,3588,3330,77,258,7.190635451505016
Delhi House Cafe,18-24,Male,Low,14070,3359,499,10711,76.12651030561479
Delhi House Cafe,55+,Male,Middle,4368,5841,87,-1473,-33.722527472527474
Zouk Tea Bar & Grill,45-54,Male,Middle,7789,4606,168,3183,40.8653228912569
Zouk Tea Bar & Grill,25-34,Female,High,2436,6784,342,-4348,-178.48932676518882
Zouk Tea Bar & Grill,18-24,Female,Middle,4828,1276,420,3552,73.5708367854184
Zouk Tea Bar & Grill,18-24,Male,Low,3556,1060,293,2496,70.1912260967379
Zouk Tea Bar & Grill,25-34,Male,Middle,9570,4390,117,5180,54.12748171368861
Zouk Tea Bar & Grill,45-54,Male,Low,14050,2913,263,11137,79.26690391459074
Delhi House Cafe,18-24,Male,Middle,9480,7195,267,2285,24.10337552742616
Zouk Tea Bar & Grill,18-24,Male,High,11496,4927,226,6569,57.141614474599855
Zouk Tea Bar & Grill,55+,Female,Low,12576,7296,348,5280,41.98473282442748
Zouk Tea Bar & Grill,45-54,Female,Middle,2182,6868,213,-4686,-214.7571035747021
Delhi House Cafe,18-24,Female,Middle,9190,6430,107,2760,30.03264417845484
Zouk Tea Bar & Grill,45-54,Female,Middle,8687,6933,318,1754,20.19109013468401
Zouk Tea Bar & Grill,25-34,Male,Low,7565,3591,357,3974,52.53139458030404
Delhi House Cafe,35-44,Male,Low,9241,1566,107,7675,83.0537820582188
Zouk Tea Bar & Grill,18-24,Male,Low,9651,4935,337,4716,48.865402548958656
Zouk Tea Bar & Grill,55+,Male,High,7575,8556,154,-981,-12.950495049504951
Zouk Tea Bar & Grill,25-34,Male,High,3589,2571,277,1018,28.36444692114795
Zouk Tea Bar & Grill,45-54,Female,Low,11779,5717,296,6062,51.464470668138205
Zouk Tea Bar & Grill,25-34,Male,Middle,10851,7121,237,3730,34.37471200810985
Delhi House Cafe,18-24,Female,High,2159,2200,132,-41,-1.8990273274664196
Delhi House Cafe,45-54,Female,Low,14145,8529,235,5616,39.70307529162248
Delhi House Cafe,35-44,Female,Middle,8555,5409,301,3146,36.77381648158972
Zouk Tea Bar & Grill,25-34,Female,High,11203,3854,404,7349,65.59850040167812
Zouk Tea Bar & Grill,18-24,Male,Middle,10244,3895,287,6349,61.97774306911362
Zouk Tea Bar & Grill,55+,Female,Middle,8846,7240,409,1606,18.155098349536512
Delhi House Cafe,45-54,Female,Middle,4307,8024,233,-3717,-86.3013698630137
Zouk Tea Bar & Grill,25-34,Female,Middle,3228,2236,333,992,30.73110285006196
Zouk Tea Bar & Grill,25-34,Male,High,9226,7972,434,1254,13.592022544981575
Delhi House Cafe,35-44,Male,High,7590,1136,475,6454,85.03293807641634
Zouk Tea Bar & Grill,35-44,Male,High,8919,2029,259,6890,77.25081287139814
Delhi House Cafe,55+,Female,Low,7585,8154,353,-569,-7.501647989452867
Delhi House Cafe,55+,Female,High,11227,3156,345,8071,71.88919568896411
Delhi House Cafe,18-24,Male,Middle,13894,3594,146,10300,74.13271915934936
Zouk Tea Bar & Grill,18-24,Female,High,8046,8206,496,-160,-1.9885657469550087
Zouk Tea Bar & Grill,55+,Male,Middle,14237,1661,257,12576,88.33321626747208
Zouk Tea Bar & Grill,55+,Male,Low,6945,3472,419,3473,50.00719942404608
Zouk Tea Bar & Grill,45-54,Female,Middle,9927,3677,437,6250,62.9596051173567
Zouk Tea Bar & Grill,35-44,Female,Middle,14641,3308,471,11333,77.40591489652347
Zouk Tea Bar & Grill,18-24,Female,Middle,9016,8593,460,423,4.691659272404614
Zouk Tea Bar & Grill,35-44,Female,Low,9758,1086,186,8672,88.87067021930723
Delhi House Cafe,35-44,Male,High,7086,3512,416,3574,50.437482359582276
Zouk Tea Bar & Grill,55+,Male,High,11456,7219,449,4237,36.984986033519554
Delhi House Cafe,45-54,Male,Low,9161,7614,233,1547,16.8868027507914
Zouk Tea Bar & Grill,25-34,Male,Middle,3884,7557,125,-3673,-94.56745623069
Zouk Tea Bar & Grill,45-54,Male,High,3809,7968,336,-4159,-109.18876345497506
Zouk Tea Bar & Grill,45-54,Female,Low,5167,3942,424,1225,23.708147861428294
Delhi House Cafe,35-44,Male,High,13989,3773,191,10216,73.02880834941739
Delhi House Cafe,45-54,Male,Low,12533,3504,286,9029,72.04180962259635
Delhi House Cafe,18-24,Male,Middle,8352,6404,74,1948,23.32375478927203
Delhi House Cafe,35-44,Female,High,13606,4310,339,9296,68.32279876525062
Zouk Tea Bar & Grill,18-24,Female,Low,11009,2700,116,8309,75.47461168135162
Delhi House Cafe,25-34,Female,High,8056,4670,299,3386,42.03078450844092
Zouk Tea Bar & Grill,35-44,Female,High,4437,3700,457,737,16.610322289835473
Zouk Tea Bar & Grill,25-34,Male,High,8468,7815,167,653,7.711384034010392
Delhi House Cafe,35-44,Male,High,11080,4629,122,6451,58.222021660649816
Delhi House Cafe,55+,Female,Low,7951,8539,331,-588,-7.395296189158597
Delhi House Cafe,45-54,Female,Middle,7276,5590,453,1686,23.172072567344696
Delhi House Cafe,55+,Male,Low,10859,2647,497,8212,75.62390643705682
Delhi House Cafe,25-34,Male,Low,9818,7038,409,2780,28.315339172947645
Delhi House Cafe,45-54,Female,Low,6728,6164,59,564,8.382877526753864
Delhi House Cafe,35-44,Female,Middle,4624,6520,260,-1896,-41.003460207612456
Delhi House Cafe,45-54,Female,High,7738,4318,372,3420,44.197467045748255
Zouk Tea Bar & Grill,18-24,Female,High,6232,4687,201,1545,24.79139922978177
Delhi House Cafe,45-54,Male,High,7793,1596,54,6197,79.52008212498396
Delhi House Cafe,18-24,Male,Middle,6523,5545,244,978,14.993101333742143
Zouk Tea Bar & Grill,45-54,Male,High,7571,1484,491,6087,80.39889050323603
Delhi House Cafe,18-24,Female,Middle,11010,1645,332,9365,85.05903723887374
Zouk Tea Bar & Grill,25-34,Female,High,12380,7763,162,4617,37.2940226171244
Zouk Tea Bar & Grill,55+,Male,High,11298,4089,320,7209,63.80775358470526
Delhi House Cafe,35-44,Male,Low,4224,6725,212,-2501,-59.2092803030303
Zouk Tea Bar & Grill,45-54,Male,Middle,10389,5757,154,4632,44.58561940514005
Zouk Tea Bar & Grill,55+,Male,Low,12863,5853,230,7010,54.49739563087926
Zouk Tea Bar & Grill,35-44,Female,Low,8091,5384,93,2707,33.45692745025337
Zouk Tea Bar & Grill,35-44,Male,Low,13684,8581,331,5103,37.29172756503946
Delhi House Cafe,18-24,Male,Middle,12640,1720,224,10920,86.39240506329115
Zouk Tea Bar & Grill,25-34,Male,Middle,10662,5733,211,4929,46.22960045019696
Delhi House Cafe,25-34,Male,High,8361,7378,400,983,11.756966869991627
Zouk Tea Bar & Grill,55+,Male,Low,3948,7559,483,-3611,-91.46403242147923
Zouk Tea Bar & Grill,25-34,Male,High,14091,8081,389,6010,42.65133773330494
Zouk Tea Bar & Grill,45-54,Male,Low,12202,1498,189,10704,87.72332404523848
Zouk Tea Bar & Grill,25-34,Female,Middle,13992,8117,181,5875,41.988279016580904
Delhi House Cafe,55+,Female,Middle,9094,5729,136,3365,37.00241917747966
Delhi House Cafe,25-34,Female,Middle,8318,2673,225,5645,67.86487136330848
Zouk Tea Bar & Grill,45-54,Female,Low,14310,7126,232,7184,50.202655485674356
Zouk Tea Bar & Grill,18-24,Male,Middle,5796,4067,417,1729,29.830917874396135
Delhi House Cafe,55+,Female,Low,14180,1114,178,13066,92.14386459802539
Zouk Tea Bar & Grill,18-24,Female,High,2234,3979,295,-1745,-78.11101163831692
Zouk Tea Bar & Grill,18-24,Male,Low,11120,5769,138,5351,48.1205035971223
Zouk Tea Bar & Grill,18-24,Male,High,5607,2736,115,2871,51.20385232744783
Delhi House Cafe,35-44,Female,Low,10043,6353,207,3690,36.74200935975306
Delhi House Cafe,35-44,Female,High,2522,4611,436,-2089,-82.83108643933387
Delhi House Cafe,18-24,Male,Middle,7904,8178,427,-274,-3.466599190283401
Zouk Tea Bar & Grill,55+,Female,High,13715,3253,198,10462,76.2814436748086
Zouk Tea Bar & Grill,45-54,Male,Middle,14718,8846,389,5872,39.89672509851882
Delhi House Cafe,45-54,Male,Middle,6888,3294,482,3594,52.177700348432055
Delhi House Cafe,25-34,Male,High,11821,4630,165,7191,60.832416885204296
Delhi House Cafe,55+,Male,Low,7832,7901,263,-69,-0.8810010214504597
Delhi House Cafe,35-44,Female,Low,14820,8294,495,6526,44.03508771929825
Zouk Tea Bar & Grill,18-24,Male,Low,9122,1146,421,7976,87.43696557772418
Delhi House Cafe,25-34,Male,Low,7842,7261,343,581,7.40882427952053
Zouk Tea Bar & Grill,45-54,Female,Low,3316,4982,302,-1666,-50.241254523522315
Delhi House Cafe,35-44,Male,Middle,13049,4453,192,8596,65.87477967660357
Zouk Tea Bar & Grill,35-44,Female,Low,3124,5507,299,-2383,-76.28040973111395
Delhi House Cafe,18-24,Female,Middle,7621,6783,415,838,10.995932292350085
Delhi House Cafe,45-54,Female,Middle,7423,8751,485,-1328,-17.890340832547487
Delhi House Cafe,55+,Male,Middle,4587,3410,351,1177,25.65947242206235
Delhi House Cafe,35-44,Female,High,11215,6628,74,4587,40.90057958091841
Zouk Tea Bar & Grill,18-24,Female,High,7672,1136,326,6536,85.19290928050052
Delhi House Cafe,55+,Male,Middle,3378,8342,426,-4964,-146.95085849615157
Zouk Tea Bar & Grill,45-54,Female,High,5374,4360,427,1014,18.868626721250465
Zouk Tea Bar & Grill,35-44,Female,Low,3519,4005,438,-486,-13.810741687979538
Zouk Tea Bar & Grill,55+,Female,Low,7777,4552,119,3225,41.46843255754147
Zouk Tea Bar & Grill,55+,Female,Middle,9935,1018,162,8917,89.75339708102668
Delhi House Cafe,55+,Female,Low,8093,3242,412,4851,59.94068948473989
Zouk Tea Bar & Grill,35-44,Male,Middle,10418,7473,161,2945,28.268381647149166
Zouk Tea Bar & Grill,35-44,Female,Middle,7355,7055,413,300,4.078857919782461
Zouk Tea Bar & Grill,25-34,Female,Low,6968,7318,352,-350,-5.022962112514351
Delhi House Cafe,45-54,Male,High,11083,6097,140,4986,44.98781918253181
Delhi House Cafe,18-24,Male,Low,7574,1448,67,6126,80.88196461579086
Delhi House Cafe,55+,Male,Low,6072,2948,198,3124,51.449275362318836
Delhi House Cafe,25-34,Female,Middle,4257,1945,276,2312,54.31054733380315
Zouk Tea Bar & Grill,18-24,Male,Middle,12980,6473,263,6507,50.13097072419106
Zouk Tea Bar & Grill,25-34,Female,Middle,10588,6618,409,3970,37.495277672837176
Delhi House Cafe,35-44,Female,Middle,12270,5236,200,7034,57.32681336593317
Zouk Tea Bar & Grill,55+,Male,High,14936,7901,241,7035,47.10096411355115
Zouk Tea Bar & Grill,18-24,Male,High,6424,2920,89,3504,54.54545454545454
Zouk Tea Bar & Grill,18-24,Female,High,5237,3977,291,1260,24.059576093183118
Delhi House Cafe,18-24,Male,Middle,5893,5188,187,705,11.963346343118955
Delhi House Cafe,18-24,Female,Middle,4005,5015,394,-1010,-25.21847690387016
Zouk Tea Bar & Grill,18-24,Male,Middle,4016,1238,229,2778,69.17330677290838
Delhi House Cafe,25-34,Male,High,13363,1204,249,12159,90.99004714510215
Delhi House Cafe,55+,Male,Middle,12860,3607,252,9253,71.95178849144635
Delhi House Cafe,35-44,Female,Low,12070,6552,110,5518,45.71665285832643
Delhi House Cafe,35-44,Male,Low,11388,5340,241,6048,53.10853530031612
Delhi House Cafe,35-44,Female,Middle,3772,5927,54,-2155,-57.13149522799576
Zouk Tea Bar & Grill,35-44,Female,Low,10353,4388,427,5965,57.61614990823916
Delhi House Cafe,25-34,Female,Low,5976,3972,286,2004,33.53413654618474
Zouk Tea Bar & Grill,45-54,Female,High,3751,5390,230,-1639,-43.6950146627566
Zouk Tea Bar & Grill,55+,Male,Middle,10967,3687,360,7280,66.38096106501322
Delhi House Cafe,18-24,Female,Middle,9430,5951,86,3479,36.89289501590668
Zouk Tea Bar & Grill,45-54,Female,High,9170,8449,105,721,7.862595419847327
Zouk Tea Bar & Grill,35-44,Male,Low,8469,7160,492,1309,15.456370291651908
Zouk Tea Bar & Grill,45-54,Female,Low,11131,5166,286,5965,53.58907555475698
Delhi House Cafe,55+,Male,Middle,5220,6388,407,-1168,-22.375478927203066
Delhi House Cafe,18-24,Female,Low,2539,2348,398,191,7.522646711303663
Zouk Tea Bar & Grill,18-24,Male,High,3461,8961,246,-5500,-158.91360878358856
Delhi House Cafe,55+,Female,High,7184,5400,122,1784,24.832962138084632
Delhi House Cafe,55+,Male,Middle,10547,8618,108,1929,18.28956101261022
Delhi House Cafe,35-44,Female,High,13796,6126,289,7670,55.59582487677588
Delhi House Cafe,18-24,Female,High,13515,6433,51,7082,52.40103588605254
Zouk Tea Bar & Grill,45-54,Male,Middle,2234,1816,498,418,18.710832587287378
Zouk Tea Bar & Grill,25-34,Male,High,3548,6222,409,-2674,-75.36640360766629
Delhi House Cafe,25-34,Male,High,9480,1820,237,7660,80.80168776371308
Delhi House Cafe,55+,Male,High,12288,1192,356,11096,90.29947916666666
Zouk Tea Bar & Grill,35-44,Female,Low,6213,2776,79,3437,55.319491389023014
Zouk Tea Bar & Grill,25-34,Female,Middle,12293,4645,316,7648,62.21426828276255
Delhi House Cafe,18-24,Male,Middle,3673,5624,157,-1951,-53.11734277157637
Zouk Tea Bar & Grill,55+,Female,Middle,8708,7314,381,1394,16.008268259072118
Delhi House Cafe,45-54,Male,Low,9982,8704,472,1278,12.803045481867361
Delhi House Cafe,55+,Male,Low,4100,1250,139,2850,69.51219512195121
Zouk Tea Bar & Grill,45-54,Female,Middle,13849,2788,254,11061,79.86858256913857
Zouk Tea Bar & Grill,55+,Female,Low,14845,8554,428,6291,42.37790501852476
Delhi House Cafe,55+,Female,Middle,13788,8374,496,5414,39.26602843051929
Delhi House Cafe,55+,Female,Low,5748,7684,497,-1936,-33.6812804453723
Zouk Tea Bar & Grill,45-54,Female,High,5173,4700,494,473,9.143630388555964
Delhi House Cafe,45-54,Female,High,3815,7122,430,-3307,-86.68414154652687
Zouk Tea Bar & Grill,55+,Female,Middle,5841,3463,487,2378,40.71220681390173
Delhi House Cafe,25-34,Male,Low,12197,7937,269,4260,34.92662130031975
Zouk Tea Bar & Grill,35-44,Male,Low,10016,6499,427,3517,35.1138178913738
Zouk Tea Bar & Grill,35-44,Male,High,9011,2167,143,6844,75.95161469315282
Zouk Tea Bar & Grill,35-44,Male,High,6493,7168,152,-675,-10.395810873248115
Delhi House Cafe,45-54,Male,Low,2674,4893,272,-2219,-82.98429319371728
Delhi House Cafe,45-54,Female,Low,10088,7811,235,2277,22.57137192704203
Zouk Tea Bar & Grill,25-34,Male,Low,10578,2096,233,8482,80.18529022499527
Delhi House Cafe,35-44,Male,Low,4158,3679,211,479,11.519961519961521
Zouk Tea Bar & Grill,35-44,Male,Low,4661,2847,296,1814,38.918686977043556
Zouk Tea Bar & Grill,55+,Male,Low,4064,4904,80,-840,-20.669291338582678
Delhi House Cafe,45-54,Male,Middle,14043,8260,101,5783,41.18065940326141
Delhi House Cafe,35-44,Male,Low,5253,1504,394,3749,71.36874167142585
Zouk Tea Bar & Grill,25-34,Male,High,6979,2621,125,4358,62.444476286000864
Delhi House Cafe,25-34,Female,Middle,9703,7479,434,2224,22.92074616098114
Delhi House Cafe,35-44,Female,Low,14828,3472,488,11356,76.58483949285136
Zouk Tea Bar & Grill,45-54,Male,High,14458,3546,327,10912,75.47378613916172
Zouk Tea Bar & Grill,25-34,Female,Middle,10931,2387,89,8544,78.16302259628578
Delhi House Cafe,55+,Female,High,3401,3994,150,-593,-17.436048221111438
Zouk Tea Bar & Grill,25-34,Female,Low,5259,7773,160,-2514,-47.803764974329724
Zouk Tea Bar & Grill,18-24,Female,Low,12469,4816,434,7653,61.376213008260486
Delhi House Cafe,18-24,Male,Low,14096,6318,370,7778,55.17877412031782
Zouk Tea Bar & Grill,45-54,Female,Low,5923,1717,298,4206,71.01131183521863
Zouk Tea Bar & Grill,35-44,Female,Middle,6214,4484,240,1730,27.84036047634374
Delhi House Cafe,45-54,Female,Middle,5227,5434,231,-207,-3.9602066194757986
Delhi House Cafe,45-54,Male,High,13023,1658,475,11365,87.26867849189894
Zouk Tea Bar & Grill,45-54,Male,Low,13950,6057,454,7893,56.58064516129032
Zouk Tea Bar & Grill,45-54,Male,High,12704,5008,384,7696,60.579345088161205
Delhi House Cafe,55+,Male,Middle,12343,5524,258,6819,55.24588835777363
Delhi House Cafe,55+,Male,Low,13867,8950,71,4917,35.45828225283046
Delhi House Cafe,25-34,Male,Low,4745,5994,215,-1249,-26.322444678609063
Delhi House Cafe,18-24,Male,Middle,8091,5234,148,2857,35.310839204053885
Zouk Tea Bar & Grill,45-54,Female,Middle,5866,4764,257,1102,18.78622570746676
Delhi House Cafe,25-34,Female,Middle,13956,3989,57,9967,71.41731155058756
Delhi House Cafe,18-24,Female,Middle,7818,5637,239,2181,27.897160399079045
Zouk Tea Bar & Grill,35-44,Male,Middle,4222,3104,224,1118,26.480341070582664
Delhi House Cafe,55+,Male,Low,4792,2255,322,2537,52.942404006677805
Zouk Tea Bar & Grill,18-24,Male,Middle,11889,7801,66,4088,34.38472537639835
Delhi House Cafe,35-44,Male,Low,13654,3482,139,10172,74.49831551193789
Delhi House Cafe,18-24,Male,Low,6063,1383,190,4680,77.18951014349332
Delhi House Cafe,55+,Female,Middle,3524,3607,194,-83,-2.3552780930760497
Zouk Tea Bar & Grill,55+,Female,Middle,14952,1193,215,13759,92.0211342964152
Zouk Tea Bar & Grill,25-34,Male,Low,10224,4807,386,5417,52.98317683881064
Delhi House Cafe,45-54,Male,Middle,8198,4719,127,3479,42.43717979995121
Zouk Tea Bar & Grill,18-24,Male,Middle,6025,3581,478,2444,40.56431535269709
Zouk Tea Bar & Grill,18-24,Male,Middle,4566,3565,311,1001,21.922908453788875
Zouk Tea Bar & Grill,35-44,Female,High,4803,3763,212,1040,21.653133458255258
Zouk Tea Bar & Grill,55+,Male,Low,14088,3798,415,10290,73.04088586030664
Zouk Tea Bar & Grill,18-24,Male,High,5709,7328,63,-1619,-28.35873182693992
Zouk Tea Bar & Grill,55+,Male,Middle,8155,6991,288,1164,14.273451870018395
Delhi House Cafe,18-24,Male,High,2719,3339,121,-620,-22.80250091945568
Delhi House Cafe,25-34,Female,Middle,8516,4406,494,4110,48.26209488022546
Zouk Tea Bar & Grill,45-54,Male,High,6579,1731,192,4848,73.6890104879161
Delhi House Cafe,18-24,Male,Middle,2972,7259,359,-4287,-144.24629878869447
Delhi House Cafe,55+,Female,High,5718,3872,332,1846,32.2840153899965
Delhi House Cafe,25-34,Female,High,9395,4120,318,5275,56.14688664183076
Delhi House Cafe,18-24,Female,High,6402,5780,290,622,9.715713839425181
Zouk Tea Bar & Grill,35-44,Male,Low,6552,5177,464,1375,20.985958485958488
Delhi House Cafe,45-54,Male,High,4207,7977,294,-3770,-89.612550511053
Delhi House Cafe,18-24,Female,Low,6426,7476,212,-1050,-16.33986928104575
Zouk Tea Bar & Grill,25-34,Female,Middle,8919,3604,109,5315,59.5918824980379
Zouk Tea Bar & Grill,35-44,Female,High,14512,3382,55,11130,76.69514884233737
Delhi House Cafe,25-34,Female,Middle,13222,1531,246,11691,88.42081379518983
Delhi House Cafe,25-34,Female,Middle,13767,7079,107,6688,48.579937531778896
Delhi House Cafe,35-44,Female,High,13308,5316,354,7992,60.054102795311096
Delhi House Cafe,25-34,Male,Low,13477,1634,456,11843,87.87563997922386
Delhi House Cafe,35-44,Male,High,10835,2769,266,8066,74.44393170281495
Delhi House Cafe,18-24,Male,Middle,14903,4804,467,10099,67.76487955445212
Zouk Tea Bar & Grill,35-44,Female,Middle,10386,3370,75,7016,67.55247448488349
Delhi House Cafe,35-44,Female,High,14188,6970,352,7218,50.873978009585564
Delhi House Cafe,45-54,Female,Low,10680,1002,54,9678,90.61797752808988
Zouk Tea Bar & Grill,35-44,Female,Low,4204,6813,69,-2609,-62.05994291151284
Zouk Tea Bar & Grill,35-44,Female,Middle,12849,1205,439,11644,90.62183827535216
Zouk Tea Bar & Grill,18-24,Female,Middle,7345,6951,247,394,5.364193328795099
Zouk Tea Bar & Grill,45-54,Male,Low,5276,5135,108,141,2.6724791508718724
Delhi House Cafe,55+,Male,High,3102,7202,497,-4100,-132.17279174725982
Delhi House Cafe,18-24,Female,Middle,7243,8094,291,-851,-11.749275162225597
Delhi House Cafe,18-24,Male,Low,8614,3621,195,4993,57.96377989319712
Delhi House Cafe,55+,Female,Middle,11433,5739,437,5694,49.80320125951194
Delhi House Cafe,35-44,Male,High,10707,6626,322,4081,38.11525170449239
Delhi House Cafe,25-34,Female,Low,7223,8739,298,-1516,-20.98850892980756
Zouk Tea Bar & Grill,45-54,Female,Middle,10584,7003,63,3581,33.834089191232046
Delhi House Cafe,25-34,Male,High,2630,3890,62,-1260,-47.90874524714829
Zouk Tea Bar & Grill,55+,Male,Middle,13908,4193,440,9715,69.85188380788036
Zouk Tea Bar & Grill,18-24,Female,High,12039,8646,433,3393,28.183403937204087
Delhi House Cafe,18-24,Female,High,12847,3666,93,9181,71.46415505565503
Zouk Tea Bar & Grill,45-54,Male,Low,11171,7239,424,3932,35.198281263987106
Delhi House Cafe,18-24,Male,High,14721,8581,448,6140,41.70912302153386
Zouk Tea Bar & Grill,18-24,Female,Middle,13594,4306,68,9288,68.32426070325144
Delhi House Cafe,45-54,Male,High,14063,1897,112,12166,86.51070184171229
Zouk Tea Bar & Grill,45-54,Female,High,8683,2085,288,6598,75.98756190256823
Delhi House Cafe,55+,Female,Low,2277,2279,468,-2,-0.0878348704435661
Delhi House Cafe,18-24,Female,High,2232,7704,386,-5472,-245.16129032258064
Delhi House Cafe,18-24,Female,High,11744,8048,468,3696,31.471389645776565
Delhi House Cafe,55+,Male,Middle,7690,7491,452,199,2.5877763328998697
Delhi House Cafe,35-44,Male,Low,9659,1670,453,7989,82.71042550988716
Zouk Tea Bar & Grill,35-44,Male,Low,13462,8291,149,5171,38.411825880255535
Zouk Tea Bar & Grill,35-44,Male,Low,12601,2505,212,10096,80.12062534719466
Zouk Tea Bar & Grill,55+,Male,High,13704,7460,465,6244,45.56333917104495
Delhi House Cafe,18-24,Male,Low,2025,4575,171,-2550,-125.92592592592592
Zouk Tea Bar & Grill,55+,Male,High,9468,5814,481,3654,38.59315589353612
Delhi House Cafe,55+,Female,High,8410,6167,93,2243,26.67063020214031
Delhi House Cafe,35-44,Male,Middle,10652,8576,409,2076,19.489297784453623
Zouk Tea Bar & Grill,25-34,Male,Middle,5764,2955,457,2809,48.73351839000694
Zouk Tea Bar & Grill,18-24,Female,Middle,8599,6255,366,2344,27.258983602744507
Delhi House Cafe,35-44,Male,Middle,13623,8368,430,5255,38.57446964692065
Zouk Tea Bar & Grill,25-34,Male,Middle,7102,1249,194,5853,82.41340467473951
Delhi House Cafe,25-34,Female,High,9006,7457,376,1549,17.199644681323562
Delhi House Cafe,45-54,Male,High,5483,2892,412,2591,47.255152288892944
Delhi House Cafe,18-24,Male,Low,3994,4439,99,-445,-11.141712568853281
Delhi House Cafe,25-34,Male,High,10682,8596,114,2086,19.528178243774576
Delhi House Cafe,35-44,Female,High,3072,2853,404,219,7.12890625
Zouk Tea Bar & Grill,45-54,Male,Middle,8707,3854,337,4853,55.736763523601695
Zouk Tea Bar & Grill,18-24,Male,High,13365,2503,213,10862,81.27197904975682
Delhi House Cafe,55+,Female,Middle,2215,4385,190,-2170,-97.96839729119638
Delhi House Cafe,35-44,Male,Low,9605,4571,363,5034,52.410203019260805
Zouk Tea Bar & Grill,25-34,Female,Low,11915,4792,177,7123,59.78178766261016
Zouk Tea Bar & Grill,25-34,Female,High,11784,4426,447,7358,62.44059742023082
Delhi House Cafe,35-44,Male,Low,4606,7628,470,-3022,-65.61007381676075
Zouk Tea Bar & Grill,25-34,Female,High,10350,6330,417,4020,38.84057971014493
Delhi House Cafe,45-54,Female,Low,6781,8871,288,-2090,-30.82141277097773
Zouk Tea Bar & Grill,18-24,Male,Middle,5313,1043,373,4270,80.36890645586297
Delhi House Cafe,45-54,Female,Middle,13033,4612,345,8421,64.61290570091307
Zouk Tea Bar & Grill,25-34,Female,Middle,11968,3618,236,8350,69.76938502673798
Delhi House Cafe,55+,Male,Middle,12244,5678,257,6566,53.62626592616792
Zouk Tea Bar & Grill,18-24,Male,High,9763,4163,269,5600,57.359418211615285
Zouk Tea Bar & Grill,18-24,Male,Low,7939,2288,449,5651,71.18024940168787
Delhi House Cafe,35-44,Female,High,4295,3942,239,353,8.218859138533178
Zouk Tea Bar & Grill,35-44,Male,Middle,7685,1219,437,6466,84.13793103448276
Delhi House Cafe,55+,Female,High,3696,2925,478,771,20.86038961038961
Zouk Tea Bar & Grill,18-24,Female,Low,13185,3972,395,9213,69.87485779294653
Delhi House Cafe,55+,Female,High,12661,4513,333,8148,64.35510623173525
Zouk Tea Bar & Grill,35-44,Female,Low,3946,3448,401,498,12.620375063355297
Delhi House Cafe,35-44,Female,High,14001,4471,286,9530,68.06656667380902
Zouk Tea Bar & Grill,18-24,Female,Low,4783,3774,243,1009,21.095546727994982
Delhi House Cafe,45-54,Female,Low,5644,1990,336,3654,64.7413182140326
Zouk Tea Bar & Grill,25-34,Male,Middle,7241,3946,308,3295,45.50476453528518
Delhi House Cafe,35-44,Male,Low,8420,2812,295,5608,66.60332541567696
Delhi House Cafe,35-44,Female,Middle,12692,8743,185,3949,31.114087614245197
Delhi House Cafe,45-54,Female,Middle,9557,5953,329,3604,37.71057863346238
Zouk Tea Bar & Grill,45-54,Male,Middle,13837,1803,320,12034,86.96971886969719
Delhi House Cafe,55+,Female,High,4645,1489,220,3156,67.94402583423036
Zouk Tea Bar & Grill,55+,Male,High,8589,4556,208,4033,46.95540808010246
Delhi House Cafe,25-34,Male,High,8353,6876,250,1477,17.68226984317012
Zouk Tea Bar & Grill,25-34,Male,High,12541,2493,94,10048,80.12120245594451
Delhi House Cafe,18-24,Female,Low,3932,4645,499,-713,-18.13326551373347
Zouk Tea Bar & Grill,55+,Female,Low,13486,8081,313,5405,40.078600029660386
Zouk Tea Bar & Grill,35-44,Male,High,3757,3891,120,-134,-3.5666755389938785
Delhi House Cafe,55+,Male,Low,7085,2705,413,4380,61.82074805928017
Zouk Tea Bar & Grill,35-44,Male,Low,7637,4516,420,3121,40.86683252586094
Zouk Tea Bar & Grill,45-54,Male,Middle,3116,4340,152,-1224,-39.2811296534018
Delhi House Cafe,55+,Male,Middle,12759,7410,174,5349,41.92334822478251
Zouk Tea Bar & Grill,45-54,Female,Middle,13691,1053,362,12638,92.30881601051786
Zouk Tea Bar & Grill,25-34,Male,Middle,2492,3575,335,-1083,-43.45906902086678
Zouk Tea Bar & Grill,25-34,Female,Low,13498,4591,279,8907,65.98755371166098
Delhi House Cafe,18-24,Male,High,10811,1615,195,9196,85.06151142355009
Zouk Tea Bar & Grill,55+,Female,Low,13424,6178,419,7246,53.977949940405246
Delhi House Cafe,45-54,Female,Low,9888,6944,246,2944,29.773462783171524
Zouk Tea Bar & Grill,35-44,Female,Low,14015,8207,422,5808,41.44131287905815
Zouk Tea Bar & Grill,25-34,Female,Middle,8474,8404,270,70,0.8260561718196837
Zouk Tea Bar & Grill,25-34,Female,Middle,12572,1954,472,10618,84.4575246579701
Delhi House Cafe,35-44,Female,Middle,11738,3433,109,8305,70.75310955869824
Zouk Tea Bar & Grill,45-54,Male,High,6958,2629,147,4329,62.21615406726071
Zouk Tea Bar & Grill,45-54,Female,Low,13755,3781,220,9974,72.5118138858597
Delhi House Cafe,55+,Male,High,11797,7859,431,3938,33.3813681444435
Zouk Tea Bar & Grill,55+,Female,Middle,13944,1649,222,12295,88.17412507171544
Delhi House Cafe,18-24,Female,High,14867,3347,200,11520,77.48705185982378
Delhi House Cafe,25-34,Male,Low,12082,5490,399,6592,54.56050322794239
Zouk Tea Bar & Grill,55+,Female,Low,11467,4278,439,7189,62.69294497252987
Delhi House Cafe,45-54,Male,Middle,4743,6455,489,-1712,-36.09529833438752
Zouk Tea Bar & Grill,35-44,Male,Middle,9866,3640,171,6226,63.10561524427326
Delhi House Cafe,45-54,Male,High,12685,4801,157,7884,62.15214820654316
Delhi House Cafe,25-34,Male,Middle,9160,3561,53,5599,61.12445414847162
Zouk Tea Bar & Grill,45-54,Female,Middle,7451,4249,142,3202,42.974097436585694
Delhi House Cafe,18-24,Female,Low,7258,7539,456,-281,-3.8715899696886193
Delhi House Cafe,25-34,Male,Middle,10548,1370,55,9178,87.01175578308684
Delhi House Cafe,35-44,Female,Middle,9186,1857,337,7329,79.78445460483344
Delhi House Cafe,18-24,Female,Low,8102,5886,155,2216,27.351271291039247
Delhi House Cafe,25-34,Male,Low,11061,5753,195,5308,47.988427809420486
Zouk Tea Bar & Grill,35-44,Female,High,11077,8485,320,2592,23.399837501128466
Delhi House Cafe,18-24,Male,Middle,12193,7879,473,4314,35.38095628639383
Zouk Tea Bar & Grill,18-24,Male,Low,11475,6488,427,4987,43.45969498910676
Delhi House Cafe,25-34,Female,High,2619,1383,145,1236,47.19358533791523
Zouk Tea Bar & Grill,55+,Female,High,2882,7205,278,-4323,-150.0
Zouk Tea Bar & Grill,18-24,Female,Middle,10988,4877,251,6111,55.615216599927194
Delhi House Cafe,18-24,Male,Middle,5642,3552,261,2090,37.0436015597306
Delhi House Cafe,35-44,Male,High,13617,5334,55,8283,60.82837629433796
Delhi House Cafe,45-54,Female,Low,3296,5290,161,-1994,-60.497572815533985
Zouk Tea Bar & Grill,25-34,Female,High,14906,3725,425,11181,75.01006306185428
Delhi House Cafe,25-34,Female,Middle,10436,5034,428,5402,51.76312763510924
Zouk Tea Bar & Grill,55+,Female,Low,4895,4293,496,602,12.29826353421859
Zouk Tea Bar & Grill,55+,Male,Low,8593,7204,372,1389,16.164319795182124
Zouk Tea Bar & Grill,25-34,Female,High,2929,6248,155,-3319,-113.31512461590987
Delhi House Cafe,55+,Male,Middle,7366,8133,188,-767,-10.412707032310617
Delhi House Cafe,35-44,Male,High,10711,7828,348,2883,26.91625431799085
Zouk Tea Bar & Grill,25-34,Female,High,5212,7111,450,-1899,-36.435149654643126
Zouk Tea Bar & Grill,55+,Female,High,4409,5251,145,-842,-19.09730097527784
Delhi House Cafe,25-34,Female,Low,10199,4988,437,5211,51.09324443572899
Zouk Tea Bar & Grill,45-54,Male,Low,12717,8545,496,4172,32.80647951560903
Delhi House Cafe,18-24,Female,Middle,5423,8789,386,-3366,-62.06896551724138
Zouk Tea Bar & Grill,25-34,Female,Middle,12211,8948,346,3263,26.721808205716158
Delhi House Cafe,18-24,Male,High,14782,1922,438,12860,86.99769990529022
Zouk Tea Bar & Grill,55+,Female,High,8976,3915,465,5061,56.38368983957219
Delhi House Cafe,18-24,Male,High,9594,3950,263,5644,58.828434438190534
Zouk Tea Bar & Grill,25-34,Female,Middle,7158,8957,340,-1799,-25.13271863649064
Delhi House Cafe,45-54,Male,Low,14474,6705,71,7769,53.67555616968357
Delhi House Cafe,55+,Female,Low,5667,4046,242,1621,28.604199752955704
Zouk Tea Bar & Grill,25-34,Female,High,13863,8604,199,5259,37.935511793983984
Zouk Tea Bar & Grill,55+,Male,High,12993,1974,417,11019,84.80720387901177
Delhi House Cafe,35-44,Male,High,7973,2230,296,5743,72.03060328609055
Zouk Tea Bar & Grill,18-24,Female,High,8236,3435,316,4801,58.29286061194755
Delhi House Cafe,35-44,Male,Middle,10277,8647,300,1630,15.860659725600856
Zouk Tea Bar & Grill,25-34,Male,Low,13307,2814,52,10493,78.85323513940031
Delhi House Cafe,45-54,Male,High,14424,3934,442,10490,72.72601220188575
Delhi House Cafe,55+,Male,Middle,4468,5933,365,-1465,-32.78871978513877
Delhi House Cafe,18-24,Female,High,8217,7103,125,1114,13.55725934039187
Delhi House Cafe,55+,Female,High,5619,2363,136,3256,57.946253781811706
Delhi House Cafe,25-34,Male,Low,3636,4940,319,-1304,-35.863586358635864
Delhi House Cafe,55+,Male,High,10155,7483,274,2672,26.312161496799607
Zouk Tea Bar & Grill,18-24,Male,Low,5583,1203,67,4380,78.4524449220849
Zouk Tea Bar & Grill,25-34,Male,Low,6009,1160,162,4849,80.69562323181894
Zouk Tea Bar & Grill,55+,Female,Low,5326,8707,300,-3381,-63.48103642508449
Delhi House Cafe,45-54,Female,Middle,12410,5487,282,6923,55.7856567284448
Delhi House Cafe,25-34,Male,Middle,10148,1768,378,8380,82.57784785179346
Delhi House Cafe,25-34,Male,Low,4217,4748,328,-531,-12.5918899691724
Delhi House Cafe,45-54,Male,High,6967,7718,251,-751,-10.779388546002584
Zouk Tea Bar & Grill,35-44,Female,Low,4369,3581,132,788,18.03616388189517
Zouk Tea Bar & Grill,18-24,Male,High,5638,2093,174,3545,62.876906704505146
Delhi House Cafe,35-44,Female,Low,12695,8036,224,4659,36.69948798739661
Zouk Tea Bar & Grill,55+,Male,High,11135,5500,118,5635,50.60619667714414
Zouk Tea Bar & Grill,45-54,Female,Middle,7722,1607,96,6115,79.1893291893292
Delhi House Cafe,35-44,Male,High,13029,8842,421,4187,32.13600429810423
Zouk Tea Bar & Grill,25-34,Female,Low,12852,6710,305,6142,47.79022720199191
Delhi House Cafe,55+,Male,Middle,13128,2540,264,10588,80.65204143814746
Zouk Tea Bar & Grill,55+,Male,High,6444,3875,79,2569,39.8665425201738
Delhi House Cafe,35-44,Male,High,9618,4191,330,5427,56.42545227698066
Delhi House Cafe,35-44,Female,High,5947,2837,461,3110,52.2952749285354
Delhi House Cafe,45-54,Male,High,3676,1689,286,1987,54.05331882480957
Delhi House Cafe,18-24,Female,High,3196,4759,297,-1563,-48.904881101376716
Zouk Tea Bar & Grill,35-44,Female,Middle,14297,3949,417,10348,72.37882073162201
Delhi House Cafe,35-44,Male,Middle,4787,6336,74,-1549,-32.3584708585753
Delhi House Cafe,25-34,Male,Middle,9432,3103,123,6329,67.10135708227311
Delhi House Cafe,55+,Male,Middle,11653,1365,255,10288,88.28627821161933
Zouk Tea Bar & Grill,18-24,Female,Low,9927,6818,363,3109,31.31862596957792
Delhi House Cafe,25-34,Male,Middle,5318,4575,143,743,13.971417826250471
Zouk Tea Bar & Grill,45-54,Female,High,10858,8911,424,1947,17.931479093755755
Delhi House Cafe,45-54,Female,High,8689,8934,176,-245,-2.8196570376337897
Zouk Tea Bar & Grill,35-44,Male,Middle,4176,5550,474,-1374,-32.90229885057471
Zouk Tea Bar & Grill,35-44,Male,High,5743,5199,74,544,9.472401184050149
Delhi House Cafe,45-54,Male,Middle,10792,5172,383,5620,52.07561156412157
Zouk Tea Bar & Grill,35-44,Male,High,12844,5325,404,7519,58.54095297415135
Delhi House Cafe,18-24,Male,Low,6422,7033,165,-611,-9.51417004048583
Delhi House Cafe,35-44,Male,Low,5824,8425,97,-2601,-44.660027472527474
Delhi House Cafe,55+,Female,Middle,14098,8431,275,5667,40.197191090934886
Zouk Tea Bar & Grill,35-44,Female,Middle,11171,3378,315,7793,69.76098827320742
Zouk Tea Bar & Grill,25-34,Female,Middle,4451,2205,148,2246,50.46057065827904
Delhi House Cafe,18-24,Male,High,2628,5988,60,-3360,-127.85388127853881
Delhi House Cafe,25-34,Female,Middle,11821,4839,134,6982,59.064376956264276
Zouk Tea Bar & Grill,25-34,Female,Low,9778,6669,454,3109,31.795868275721006
Delhi House Cafe,55+,Female,High,5696,3735,263,1961,34.42766853932584
Delhi House Cafe,18-24,Female,Middle,13622,7170,222,6452,47.36455733372485
Delhi House Cafe,18-24,Female,High,5674,4347,440,1327,23.387381036305957
Zouk Tea Bar & Grill,18-24,Male,High,5929,2675,258,3254,54.88277955810423
Zouk Tea Bar & Grill,18-24,Male,Middle,4765,1298,497,3467,72.75970619097588
Zouk Tea Bar & Grill,18-24,Female,High,6369,1956,431,4413,69.28874234573716
Delhi House Cafe,55+,Female,Low,14972,7942,113,7030,46.954314720812185
Delhi House Cafe,35-44,Female,Low,10307,2114,307,8193,79.48966721645483
Delhi House Cafe,25-34,Male,High,6956,7623,381,-667,-9.588844163312249
Zouk Tea Bar & Grill,18-24,Male,Middle,12195,7716,170,4479,36.72816728167282
Delhi House Cafe,35-44,Female,High,2692,3505,347,-813,-30.200594353640415
Delhi House Cafe,35-44,Male,Low,5162,2474,103,2688,52.07283998450213
Delhi House Cafe,25-34,Male,High,3105,5460,380,-2355,-75.84541062801932
Delhi House Cafe,55+,Female,High,5008,8002,321,-2994,-59.784345047923324
Zouk Tea Bar & Grill,45-54,Male,Low,4161,6794,290,-2633,-63.278058159096375
Zouk Tea Bar & Grill,45-54,Male,High,10345,5446,292,4899,47.35621072982117
Delhi House Cafe,35-44,Female,High,5699,4726,67,973,17.073170731707318
Zouk Tea Bar & Grill,25-34,Male,Middle,14602,4471,236,10131,69.38090672510614
Zouk Tea Bar & Grill,45-54,Male,Middle,5786,7396,395,-1610,-27.82578638091946
Delhi House Cafe,35-44,Female,Low,11256,3828,193,7428,65.99147121535182
Delhi House Cafe,55+,Male,Low,6200,7000,311,-800,-12.903225806451612
Zouk Tea Bar & Grill,45-54,Male,Low,3913,3850,490,63,1.6100178890876566
Delhi House Cafe,35-44,Female,Middle,11408,6107,413,5301,46.46739130434783
Zouk Tea Bar & Grill,35-44,Female,Low,7520,3506,480,4014,53.37765957446808
Delhi House Cafe,18-24,Female,Low,12593,4770,288,7823,62.12181370602716
Zouk Tea Bar & Grill,55+,Male,Low,3772,3964,353,-192,-5.090137857900318
Delhi House Cafe,18-24,Female,Middle,12152,5594,347,6558,53.966425279789334
Zouk Tea Bar & Grill,25-34,Male,High,4780,1949,125,2831,59.22594142259414
Zouk Tea Bar & Grill,18-24,Female,Low,14996,7090,237,7906,52.72072552680714
Zouk Tea Bar & Grill,18-24,Male,High,9423,7142,382,2281,24.206728218189536
Delhi House Cafe,45-54,Female,Low,14938,5603,437,9335,62.49163207926095
Zouk Tea Bar & Grill,35-44,Female,High,4871,6423,295,-1552,-31.862040648737427
Zouk Tea Bar & Grill,55+,Female,Middle,2660,7644,179,-4984,-187.3684210526316
Delhi House Cafe,18-24,Female,Middle,8242,3850,364,4392,53.2880368842514
Delhi House Cafe,55+,Male,Low,12827,7741,460,5086,39.65073672721603
Zouk Tea Bar & Grill,18-24,Female,High,12521,1165,332,11356,90.69563133934989
Zouk Tea Bar & Grill,25-34,Female,Middle,14146,4486,128,9660,68.28785522409162
Delhi House Cafe,18-24,Male,Low,12642,3509,121,9133,72.24331593102357
Delhi House Cafe,45-54,Female,Low,3132,1919,312,1213,38.72924648786717
Delhi House Cafe,35-44,Male,Middle,2699,1113,240,1586,58.762504631344946
Delhi House Cafe,25-34,Female,Middle,9470,4504,416,4966,52.43928194297782
Delhi House Cafe,18-24,Female,Low,12230,1991,424,10239,83.72035977105479
Zouk Tea Bar & Grill,55+,Female,High,8297,8523,479,-226,-2.7238760997951066
Delhi House Cafe,25-34,Male,High,14839,7047,112,7792,52.510276972841844
Zouk Tea Bar & Grill,25-34,Female,High,9812,8862,429,950,9.682022013860578
Zouk Tea Bar & Grill,18-24,Female,Low,14692,7350,61,7342,49.9727742989382
Zouk Tea Bar & Grill,25-34,Female,Middle,6557,4839,190,1718,26.201006557877076
Delhi House Cafe,55+,Male,Low,4179,2258,303,1921,45.96793491265853
Zouk Tea Bar & Grill,25-34,Male,Middle,13030,8609,92,4421,33.92939370683039
Zouk Tea Bar & Grill,55+,Female,High,11065,4426,66,6639,60.0
Delhi House Cafe,18-24,Male,High,10275,1514,112,8761,85.26520681265207
Zouk Tea Bar & Grill,35-44,Female,Middle,3422,6327,302,-2905,-84.89187609585038
Zouk Tea Bar & Grill,25-34,Female,Middle,12867,5804,425,7063,54.892360301546596
Delhi House Cafe,35-44,Female,Low,5180,4196,341,984,18.996138996138995
Zouk Tea Bar & Grill,55+,Female,High,6316,7281,57,-965,-15.278657378087395
Zouk Tea Bar & Grill,25-34,Female,Low,14167,5434,374,8733,61.64325545281287
Zouk Tea Bar & Grill,45-54,Female,Low,8696,3584,139,5112,58.785648574057035
Delhi House Cafe,35-44,Female,Low,11583,1067,257,10516,90.78822412155746
Delhi House Cafe,25-34,Male,High,13410,2596,341,10814,80.64131245339298
Delhi House Cafe,35-44,Male,Low,14399,6660,333,7739,53.7467879713869
Zouk Tea Bar & Grill,25-34,Male,Low,2614,5478,167,-2864,-109.56388676358071
Zouk Tea Bar & Grill,18-24,Male,Low,13163,1018,398,12145,92.26620071412293
Delhi House Cafe,35-44,Male,Low,13757,3730,224,10027,72.88653049356691
Zouk Tea Bar & Grill,45-54,Male,Low,13768,4521,125,9247,67.16298663567693
Zouk Tea Bar & Grill,45-54,Male,Low,6570,7217,150,-647,-9.84779299847793
Delhi House Cafe,55+,Female,High,2270,1572,463,698,30.7488986784141
Delhi House Cafe,25-34,Female,Low,14258,8082,200,6176,43.31603310422219
Zouk Tea Bar & Grill,35-44,Female,Middle,4468,8832,449,-4364,-97.67233661593554
Zouk Tea Bar & Grill,55+,Female,Low,11582,6395,319,5187,44.78501122431359
Zouk Tea Bar & Grill,35-44,Male,Low,13546,8215,120,5331,39.3547910822383
Delhi House Cafe,25-34,Male,High,14327,3258,229,11069,77.25971941090249
Delhi House Cafe,45-54,Female,High,5607,3902,173,1705,30.408418048867485
Delhi House Cafe,18-24,Female,Middle,12775,7039,430,5736,44.900195694716245
Delhi House Cafe,45-54,Male,Middle,14265,1650,342,12615,88.43322818086226
Zouk Tea Bar & Grill,55+,Female,High,5075,6741,334,-1666,-32.827586206896555
Delhi House Cafe,18-24,Female,High,14098,6089,244,8009,56.80947652149241
Delhi House Cafe,55+,Female,Low,2289,7838,448,-5549,-242.42027086063783
Delhi House Cafe,25-34,Female,High,10120,3587,277,6533,64.55533596837945
Delhi House Cafe,18-24,Male,Middle,12672,8876,480,3796,29.955808080808083
Delhi House Cafe,55+,Female,Low,8614,4262,479,4352,50.52240538657998
Zouk Tea Bar & Grill,25-34,Female,Middle,5252,2338,485,2914,55.483625285605484
Zouk Tea Bar & Grill,45-54,Male,Low,9415,5996,324,3419,36.31439192777483
Delhi House Cafe,25-34,Male,High,8771,4634,155,4137,47.16679968076616
Zouk Tea Bar & Grill,35-44,Female,Middle,2278,6780,70,-4502,-197.62949956101843
Delhi House Cafe,25-34,Male,Low,13116,3827,113,9289,70.82189691979262
Delhi House Cafe,25-34,Female,Low,2580,6681,214,-4101,-158.95348837209303
Zouk Tea Bar & Grill,35-44,Female,High,6958,7019,76,-61,-0.8766887036504742
Zouk Tea Bar & Grill,55+,Male,High,10445,6877,360,3568,34.15988511249402
Delhi House Cafe,55+,Female,High,6276,6232,334,44,0.7010834926704907
Delhi House Cafe,25-34,Female,Middle,9997,3217,197,6780,67.82034610383116
Delhi House Cafe,35-44,Female,Low,6776,4539,330,2237,33.013577331759144
Zouk Tea Bar & Grill,35-44,Female,High,2824,8845,375,-6021,-213.2082152974504
Delhi House Cafe,45-54,Male,Middle,5832,7040,368,-1208,-20.713305898491083
Delhi House Cafe,55+,Male,Middle,10891,2037,213,8854,81.29648333486365
Delhi House Cafe,18-24,Female,Middle,7445,6834,435,611,8.206850235057086
Zouk Tea Bar & Grill,55+,Male,High,3380,5383,455,-2003,-59.260355029585796
Delhi House Cafe,55+,Female,High,14088,4978,273,9110,64.66496308915389
Delhi House Cafe,45-54,Female,Low,11865,7332,321,4533,38.204804045512006
Zouk Tea Bar & Grill,18-24,Female,Low,12919,3961,195,8958,69.33973217741311
Delhi House Cafe,45-54,Female,High,8534,4226,487,4308,50.48043121631123
Delhi House Cafe,18-24,Female,Middle,5156,6686,405,-1530,-29.674166020170674
Zouk Tea Bar & Grill,25-34,Male,Middle,13580,7837,79,5743,42.29013254786451
Delhi House Cafe,18-24,Female,Middle,6307,6841,94,-534,-8.46678293959093
Zouk Tea Bar & Grill,45-54,Male,Low,7634,8031,324,-397,-5.200419177364422
Zouk Tea Bar & Grill,55+,Male,Middle,10575,7614,83,2961,28.000000000000004
Delhi House Cafe,18-24,Female,Low,7810,2098,190,5712,73.1370038412292
Delhi House Cafe,18-24,Female,Low,10533,3324,476,7209,68.4420393050413
Delhi House Cafe,35-44,Female,Middle,7934,1939,367,5995,75.56087723720695
Delhi House Cafe,55+,Female,Middle,12179,4716,423,7463,61.27760899909681
Zouk Tea Bar & Grill,25-34,Female,High,14251,4414,270,9837,69.0267349659673
Delhi House Cafe,45-54,Male,High,5109,2448,405,2661,52.08455666470934
Zouk Tea Bar & Grill,25-34,Female,Middle,6082,1570,71,4512,74.18612298585991
Delhi House Cafe,55+,Female,Low,14707,8678,229,6029,40.99408444958183
Delhi House Cafe,18-24,Male,Low,12990,3904,485,9086,69.94611239414934
Delhi House Cafe,18-24,Male,Low,5240,6096,416,-856,-16.335877862595417
Zouk Tea Bar & Grill,55+,Female,Low,12180,6301,469,5879,48.26765188834155
Delhi House Cafe,18-24,Male,Low,8028,3505,378,4523,56.34030891878425
Delhi House Cafe,18-24,Female,High,13606,1917,280,11689,85.91062766426576
Delhi House Cafe,18-24,Male,Middle,3849,2874,452,975,25.33125487139517
Delhi House Cafe,45-54,Male,High,10497,5928,87,4569,43.52672192054873
Zouk Tea Bar & Grill,45-54,Female,Low,13805,8231,119,5574,40.376675117710974
Delhi House Cafe,35-44,Male,Low,4749,7982,165,-3233,-68.07748999789429
Zouk Tea Bar & Grill,25-34,Male,Low,8680,8427,288,253,2.914746543778802
Zouk Tea Bar & Grill,55+,Male,Low,11327,7336,384,3991,35.23439569171008
Zouk Tea Bar & Grill,55+,Male,Middle,2205,2678,490,-473,-21.45124716553288
Zouk Tea Bar & Grill,55+,Male,Low,9352,1615,197,7737,82.73096663815227
Zouk Tea Bar & Grill,35-44,Male,Middle,6591,5501,58,1090,16.537702928235472
Zouk Tea Bar & Grill,45-54,Female,Low,5450,2749,337,2701,49.559633027522935
Delhi House Cafe,35-44,Female,Middle,9214,4825,437,4389,47.63403516388105
Zouk Tea Bar & Grill,55+,Male,High,5811,8086,99,-2275,-39.14988814317674
Zouk Tea Bar & Grill,25-34,Female,Low,13814,7864,387,5950,43.07224554799479
Zouk Tea Bar & Grill,18-24,Female,Middle,13791,5188,54,8603,62.38126314262925
Delhi House Cafe,45-54,Female,High,12743,3477,453,9266,72.7144314525622
Delhi House Cafe,45-54,Male,Low,7141,5749,392,1392,19.49306819773141
Zouk Tea Bar & Grill,35-44,Female,Low,14500,4505,175,9995,68.93103448275862
Delhi House Cafe,45-54,Male,Low,10501,4475,124,6026,57.38501095133797
Zouk Tea Bar & Grill,55+,Female,Middle,4708,5529,214,-821,-17.43840271877655
Zouk Tea Bar & Grill,55+,Male,Middle,3991,2135,327,1856,46.50463542971686
Delhi House Cafe,35-44,Male,High,10463,5000,491,5463,52.21255853961579
Zouk Tea Bar & Grill,55+,Female,Middle,13834,1374,373,12460,90.06794853260084
Delhi House Cafe,25-34,Female,Middle,14278,8226,349,6052,42.38688892001681
Delhi House Cafe,35-44,Male,Low,12014,6162,339,5852,48.70983852172465
Zouk Tea Bar & Grill,25-34,Female,Low,5273,1206,126,4067,77.12876920159302
Zouk Tea Bar & Grill,18-24,Female,Low,6538,5875,347,663,10.140715815234017
Delhi House Cafe,25-34,Female,Low,14541,2319,186,12222,84.05199092221993
Zouk Tea Bar & Grill,18-24,Male,Low,10712,2141,155,8571,80.01306945481703
Zouk Tea Bar & Grill,18-24,Male,Low,11168,5627,144,5541,49.61497134670487
Zouk Tea Bar & Grill,25-34,Female,Low,5722,8389,184,-2667,-46.60957707095421
Delhi House Cafe,35-44,Female,High,5551,7309,117,-1758,-31.66996937488741
Delhi House Cafe,55+,Female,High,14297,3690,196,10607,74.19038959222213
Zouk Tea Bar & Grill,55+,Male,High,12965,8323,208,4642,35.804087929039724
Delhi House Cafe,18-24,Male,High,12744,4255,433,8489,66.61173885750156
Delhi House Cafe,18-24,Female,Low,4832,1089,212,3743,77.46274834437085
Delhi House Cafe,35-44,Female,High,14099,6213,490,7886,55.933044896801185
Delhi House Cafe,45-54,Female,Low,7679,5108,390,2571,33.48092199505144
Delhi House Cafe,25-34,Female,High,8579,4020,238,4559,53.14139177060263
Zouk Tea Bar & Grill,18-24,Female,Middle,2152,2857,464,-705,-32.760223048327134
Zouk Tea Bar & Grill,55+,Female,High,7754,1804,388,5950,76.73458859943256
Zouk Tea Bar & Grill,35-44,Male,High,13156,1944,144,11212,85.22347217999392
Delhi House Cafe,25-34,Female,Low,13108,3789,230,9319,71.09398840402807
Delhi House Cafe,35-44,Male,High,4800,6953,337,-2153,-44.854166666666664
Zouk Tea Bar & Grill,25-34,Female,Middle,7310,4875,371,2435,33.31053351573187
Delhi House Cafe,25-34,Female,Low,11944,8605,236,3339,27.95545880776959
Zouk Tea Bar & Grill,18-24,Male,Low,4610,8705,421,-4095,-88.8286334056399
Zouk Tea Bar & Grill,35-44,Male,High,14067,2610,187,11457,81.44593730006397
Zouk Tea Bar & Grill,35-44,Male,Low,3104,3923,179,-819,-26.385309278350515
Delhi House Cafe,55+,Male,Low,12728,7055,243,5673,44.571024512884975
Delhi House Cafe,55+,Female,Low,9361,4882,365,4479,47.84745219527829
Zouk Tea Bar & Grill,18-24,Male,Low,6199,4221,322,1978,31.908372318115823
Zouk Tea Bar & Grill,18-24,Female,Low,5854,7803,401,-1949,-33.29347454731808
Zouk Tea Bar & Grill,45-54,Male,Low,9263,8175,193,1088,11.745654755478787
Zouk Tea Bar & Grill,55+,Female,Middle,13686,6148,65,7538,55.078182083881345
Delhi House Cafe,25-34,Female,High,3914,5391,351,-1477,-37.736331119059784
Delhi House Cafe,35-44,Female,Middle,9365,8129,472,1236,13.198077949813133
Zouk Tea Bar & Grill,18-24,Female,Low,5072,6021,294,-949,-18.710567823343847
Zouk Tea Bar & Grill,35-44,Female,Low,11198,8888,464,2310,20.6286836935167
Delhi House Cafe,35-44,Female,High,2406,5735,156,-3329,-138.3624272651704
Delhi House Cafe,45-54,Male,Middle,2166,3387,137,-1221,-56.371191135734065
Zouk Tea Bar & Grill,55+,Female,High,2508,5723,178,-3215,-128.18979266347688
Zouk Tea Bar & Grill,18-24,Male,Middle,3661,7582,444,-3921,-107.10188473094784
Zouk Tea Bar & Grill,35-44,Male,Low,5664,6263,424,-599,-10.575564971751412
Delhi House Cafe,18-24,Female,High,5489,1941,390,3548,64.63836764437967
Delhi House Cafe,25-34,Male,High,2680,5925,53,-3245,-121.0820895522388
Delhi House Cafe,45-54,Female,Low,4524,6866,376,-2342,-51.768346595932805
Zouk Tea Bar & Grill,25-34,Male,High,4120,3566,459,554,13.446601941747574
Zouk Tea Bar & Grill,18-24,Female,Middle,7260,1975,416,5285,72.7961432506887
Delhi House Cafe,18-24,Male,Middle,14869,8212,355,6657,44.77100006725402
Delhi House Cafe,55+,Female,Middle,6357,1954,445,4403,69.26223061192385
Zouk Tea Bar & Grill,35-44,Female,Middle,3363,2262,144,1101,32.738626226583406
Delhi House Cafe,35-44,Female,Low,11523,6047,258,5476,47.52234661112558
Delhi House Cafe,25-34,Female,High,4292,1943,274,2349,54.729729729729726
Zouk Tea Bar & Grill,45-54,Male,Middle,3538,3202,397,336,9.49689089881289
Delhi House Cafe,35-44,Female,Low,5408,6300,370,-892,-16.494082840236686
Zouk Tea Bar & Grill,55+,Male,High,9742,8382,96,1360,13.960172449189079
Zouk Tea Bar & Grill,25-34,Male,High,10752,7231,230,3521,32.74739583333333
Zouk Tea Bar & Grill,25-34,Male,Low,11291,4327,155,6964,61.677442210610224
Zouk Tea Bar & Grill,55+,Female,Low,3903,6630,248,-2727,-69.86933128362797
Zouk Tea Bar & Grill,45-54,Male,Middle,2174,6192,435,-4018,-184.82060717571298
Zouk Tea Bar & Grill,55+,Male,High,12348,8074,155,4274,34.612892776158084
Zouk Tea Bar & Grill,45-54,Male,High,4230,5274,329,-1044,-24.680851063829788
Delhi House Cafe,55+,Female,Low,6287,3259,309,3028,48.162875775409574
Zouk Tea Bar & Grill,55+,Female,High,6160,2828,157,3332,54.090909090909086
Zouk Tea Bar & Grill,18-24,Male,Middle,14112,2257,68,11855,84.00651927437642
Delhi House Cafe,25-34,Female,High,9106,1464,459,7642,83.92268833735999
Delhi House Cafe,55+,Female,Low,11689,6870,345,4819,41.22679442210625
Delhi House Cafe,55+,Male,Low,14046,4294,355,9752,69.42901893777588
Zouk Tea Bar & Grill,35-44,Male,Middle,5171,7774,220,-2603,-50.33842583639528
Delhi House Cafe,25-34,Female,Middle,3567,7968,380,-4401,-123.38099243061396
Zouk Tea Bar & Grill,35-44,Male,High,3151,8431,244,-5280,-167.5658521104411
Zouk Tea Bar & Grill,25-34,Female,High,9619,2230,61,7389,76.81671691444018
Zouk Tea Bar & Grill,35-44,Female,Low,8033,3654,244,4379,54.51263537906137
Zouk Tea Bar & Grill,55+,Female,Middle,10560,1884,332,8676,82.1590909090909
Delhi House Cafe,55+,Female,Middle,6946,4805,418,2141,30.82349553699971
Delhi House Cafe,18-24,Female,Middle,10234,7509,231,2725,26.626929841704122
Zouk Tea Bar & Grill,35-44,Female,High,3907,7419,499,-3512,-89.88994113130279
Zouk Tea Bar & Grill,45-54,Male,Middle,5490,7523,354,-2033,-37.03096539162113
Zouk Tea Bar & Grill,18-24,Male,Low,4535,8910,193,-4375,-96.47188533627343
Delhi House Cafe,35-44,Female,Low,6173,6428,435,-255,-4.130892596792483
Zouk Tea Bar & Grill,35-44,Female,High,13065,6750,365,6315,48.33524684270953
Zouk Tea Bar & Grill,18-24,Female,High,12016,8435,231,3581,29.801930758988014
Delhi House Cafe,55+,Male,Middle,3293,6040,79,-2747,-83.41937443061039
Delhi House Cafe,35-44,Female,High,6769,4856,133,1913,28.26119072241099
Zouk Tea Bar & Grill,55+,Male,Low,6796,4135,215,2661,39.15538552089464
Delhi House Cafe,18-24,Female,Middle,8871,7953,333,918,10.348326006087252
Delhi House Cafe,55+,Female,Low,13578,8517,330,5061,37.273530711444984
Zouk Tea Bar & Grill,25-34,Male,Middle,4972,1924,145,3048,61.30329847144006
Delhi House Cafe,45-54,Male,High,5922,7034,430,-1112,-18.7774400540358
Zouk Tea Bar & Grill,35-44,Female,Middle,6997,5589,315,1408,20.12290981849364
Delhi House Cafe,45-54,Female,Middle,9032,2546,493,6486,71.81133746678476
Zouk Tea Bar & Grill,55+,Female,Low,2992,8265,347,-5273,-176.2366310160428
Zouk Tea Bar & Grill,35-44,Male,Low,10112,7065,345,3047,30.13251582278481
Zouk Tea Bar & Grill,55+,Male,Middle,7287,2094,274,5193,71.26389460683409
Delhi House Cafe,25-34,Male,High,12578,3411,382,9167,72.88122117983781
Zouk Tea Bar & Grill,18-24,Male,High,4240,3617,410,623,14.693396226415095
Delhi House Cafe,35-44,Male,Low,3476,6921,423,-3445,-99.10817031070196
Zouk Tea Bar & Grill,25-34,Male,High,8426,1762,91,6664,79.08853548540232
Zouk Tea Bar & Grill,25-34,Female,Low,13599,3323,352,10276,75.56437973380396
Delhi House Cafe,35-44,Female,High,2389,5145,470,-2756,-115.36207618250313
Zouk Tea Bar & Grill,55+,Male,Middle,2999,8525,295,-5526,-184.26142047349117
Zouk Tea Bar & Grill,25-34,Female,Low,14812,3775,257,11037,74.51390764245207
Delhi House Cafe,45-54,Female,Low,3855,6001,286,-2146,-55.66796368352789
Zouk Tea Bar & Grill,25-34,Male,Middle,10125,8071,71,2054,20.28641975308642
Zouk Tea Bar & Grill,55+,Female,Low,10850,5659,234,5191,47.84331797235023
Zouk Tea Bar & Grill,55+,Male,High,4763,5878,291,-1115,-23.409615788368676
Zouk Tea Bar & Grill,45-54,Male,High,5663,7628,412,-1965,-34.69892283242098
Delhi House Cafe,25-34,Female,Low,6986,4155,332,2831,40.52390495276267
Delhi House Cafe,55+,Male,High,3481,4970,90,-1489,-42.77506463659868
Zouk Tea Bar & Grill,35-44,Male,Low,9256,8972,385,284,3.0682800345721692
Delhi House Cafe,18-24,Male,Middle,5731,8805,211,-3074,-53.63810853254232
Zouk Tea Bar & Grill,18-24,Male,Low,9262,3040,209,6222,67.1777153962427
Delhi House Cafe,18-24,Male,Middle,2451,6927,138,-4476,-182.61933904528763
Zouk Tea Bar & Grill,25-34,Male,High,12667,1583,371,11084,87.50296044840925
Zouk Tea Bar & Grill,45-54,Male,Middle,13414,6415,61,6999,52.17683017742657
Zouk Tea Bar & Grill,55+,Male,High,11729,5331,473,6398,54.548554864012274
Zouk Tea Bar & Grill,35-44,Female,Low,5093,3103,122,1990,39.07323777734145
Zouk Tea Bar & Grill,35-44,Female,High,2882,2942,125,-60,-2.081887578070784
Zouk Tea Bar & Grill,25-34,Female,Low,6408,5455,395,953,14.872034956304619
Delhi House Cafe,18-24,Male,Low,6068,7026,250,-958,-15.787738958470666
Zouk Tea Bar & Grill,25-34,Male,Middle,12758,1109,59,11649,91.30741495532216
Delhi House Cafe,45-54,Female,Middle,5277,1191,401,4086,77.43035815804434
Zouk Tea Bar & Grill,45-54,Female,Middle,10566,1903,275,8663,81.98939996214271
Delhi House Cafe,55+,Female,Middle,14738,6212,225,8526,57.85045460713801
Delhi House Cafe,55+,Male,High,13889,1861,325,12028,86.60090719274245
Delhi House Cafe,45-54,Female,High,9951,7711,88,2240,22.51030047231434
Zouk Tea Bar & Grill,45-54,Female,High,13254,2083,109,11171,84.28398973894673
Zouk Tea Bar & Grill,45-54,Male,Low,6690,1649,115,5041,75.35127055306428
Delhi House Cafe,25-34,Female,High,13442,5134,370,8308,61.80627882755543
Zouk Tea Bar & Grill,45-54,Male,High,6595,4611,484,1984,30.083396512509474
Delhi House Cafe,35-44,Male,High,6559,8216,173,-1657,-25.262997408141487
Zouk Tea Bar & Grill,18-24,Male,Middle,9291,8587,213,704,7.577225271768379
Delhi House Cafe,45-54,Female,High,10160,1636,457,8524,83.89763779527559
Delhi House Cafe,18-24,Female,Low,2112,2036,460,76,3.5984848484848486
Zouk Tea Bar & Grill,25-34,Male,Middle,7131,5131,435,2000,28.046557285093254
Delhi House Cafe,18-24,Female,Low,5197,3148,208,2049,39.42659226476813
Zouk Tea Bar & Grill,25-34,Female,High,12570,4865,106,7705,61.296738265712015
Delhi House Cafe,35-44,Female,Middle,12116,4157,127,7959,65.68999669858039
Delhi House Cafe,25-34,Female,Low,2139,4587,243,-2448,-114.44600280504909
Zouk Tea Bar & Grill,25-34,Male,High,3424,4294,334,-870,-25.4088785046729
Zouk Tea Bar & Grill,55+,Female,Low,4949,6457,64,-1508,-30.470802182259042
Zouk Tea Bar & Grill,45-54,Male,Low,5168,7079,61,-1911,-36.97755417956656
Delhi House Cafe,45-54,Male,Low,10708,5261,150,5447,50.868509525588344
Zouk Tea Bar & Grill,35-44,Female,High,12808,3430,205,9378,73.21986258588382
Delhi House Cafe,35-44,Male,High,8043,2879,389,5164,64.20489866965062
Delhi House Cafe,45-54,Female,Low,8989,4966,174,4023,44.75470018912004
Zouk Tea Bar & Grill,55+,Female,Middle,9236,8543,408,693,7.503248159376354
Zouk Tea Bar & Grill,45-54,Male,Middle,8261,8638,329,-377,-4.563612153492313
Delhi House Cafe,55+,Male,High,2887,7933,454,-5046,-174.78351229650156
Delhi House Cafe,35-44,Male,High,5104,4713,443,391,7.660658307210031
Zouk Tea Bar & Grill,18-24,Male,High,2049,5126,159,-3077,-150.17081503172278
Zouk Tea Bar & Grill,35-44,Female,High,5951,8542,383,-2591,-43.53890102503781
Zouk Tea Bar & Grill,35-44,Female,High,5560,5106,406,454,8.16546762589928
Zouk Tea Bar & Grill,25-34,Female,Middle,2018,3011,195,-993,-49.20713577799802
Zouk Tea Bar & Grill,25-34,Male,High,6821,4373,265,2448,35.88916581146459
Delhi House Cafe,25-34,Male,Low,8340,3143,447,5197,62.31414868105516
Delhi House Cafe,25-34,Male,Low,10058,8357,211,1701,16.911910916683237
Delhi House Cafe,55+,Female,Middle,11665,3500,177,8165,69.99571367338191
Delhi House Cafe,45-54,Male,Low,14253,7335,363,6918,48.5371500736687
Zouk Tea Bar & Grill,18-24,Female,Middle,4606,5581,381,-975,-21.16804168475901
Zouk Tea Bar & Grill,35-44,Male,Middle,9846,2289,199,7557,76.7519804996953
Zouk Tea Bar & Grill,55+,Female,Low,10643,2447,85,8196,77.00836230386169
Delhi House Cafe,18-24,Female,High,8432,4199,222,4233,50.201612903225815
Delhi House Cafe,55+,Male,Low,5765,7381,469,-1616,-28.03122289679098
Zouk Tea Bar & Grill,55+,Male,Low,4438,2943,71,1495,33.686345200540785
Zouk Tea Bar & Grill,35-44,Female,Middle,14502,8522,255,5980,41.23569162874086
Delhi House Cafe,45-54,Female,Low,11741,7059,176,4682,39.87735286602504
Delhi House Cafe,25-34,Male,Middle,8358,4183,385,4175,49.952141660684376
Zouk Tea Bar & Grill,45-54,Male,High,13666,6947,494,6719,49.16581296648617
Zouk Tea Bar & Grill,35-44,Female,High,10319,6565,405,3754,36.379494137028786
Delhi House Cafe,35-44,Male,High,7941,6462,489,1479,18.624858330185116
Zouk Tea Bar & Grill,35-44,Female,Low,9644,4216,266,5428,56.283699709664035
Zouk Tea Bar & Grill,18-24,Female,Middle,6855,4136,145,2719,39.66447848285923
Zouk Tea Bar & Grill,45-54,Male,High,8547,4318,466,4229,49.47934947934948
Delhi House Cafe,45-54,Male,Middle,9196,3782,478,5414,58.87342322749022
Delhi House Cafe,55+,Male,Middle,7911,1990,213,5921,74.84515231955505
Delhi House Cafe,55+,Male,High,8481,8657,197,-176,-2.075226977950713
Delhi House Cafe,55+,Male,High,4761,5920,67,-1159,-24.343625288804873
Delhi House Cafe,35-44,Female,Middle,6456,6558,343,-102,-1.5799256505576207
Delhi House Cafe,45-54,Female,High,14856,3153,244,11703,78.7762520193861
Delhi House Cafe,35-44,Male,Middle,11607,7324,200,4283,36.90014646334109
Zouk Tea Bar & Grill,18-24,Male,Middle,8361,7327,414,1034,12.366941753378782
Zouk Tea Bar & Grill,55+,Male,High,7693,1225,172,6468,84.07643312101911
Zouk Tea Bar & Grill,35-44,Female,Low,7788,1776,449,6012,77.19568567026194
Zouk Tea Bar & Grill,35-44,Male,High,2201,3837,236,-1636,-74.32985006815083
Zouk Tea Bar & Grill,18-24,Male,Low,8160,6208,198,1952,23.92156862745098
Zouk Tea Bar & Grill,25-34,Female,Middle,12561,1687,153,10874,86.56954064166865
Zouk Tea Bar & Grill,45-54,Female,Middle,2517,1529,292,988,39.253079062375846
Delhi House Cafe,25-34,Male,Low,9737,4442,280,5295,54.38019924001233
Delhi House Cafe,55+,Male,Middle,11533,6067,255,5466,47.39443336512616
Zouk Tea Bar & Grill,35-44,Male,Low,14968,6031,247,8937,59.70737573490113
Zouk Tea Bar & Grill,18-24,Female,Low,3988,6518,445,-2530,-63.44032096288866
Delhi House Cafe,18-24,Male,Middle,13737,3153,449,10584,77.04739025988206
Zouk Tea Bar & Grill,45-54,Male,Low,14712,2294,386,12418,84.40728656878738
Zouk Tea Bar & Grill,25-34,Male,High,5802,7094,136,-1292,-22.26818338503964
Delhi House Cafe,45-54,Female,High,7808,7974,191,-166,-2.1260245901639343
Zouk Tea Bar & Grill,35-44,Female,Middle,13467,2526,366,10941,81.24303853865004
Delhi House Cafe,45-54,Male,Middle,13846,5774,248,8072,58.29842553806154
Zouk Tea Bar & Grill,18-24,Male,Low,9162,8692,95,470,5.129884304736957
Delhi House Cafe,18-24,Female,Low,12626,3896,337,8730,69.14303817519405
Delhi House Cafe,55+,Female,Low,8241,4103,64,4138,50.21235286979735
Delhi House Cafe,55+,Female,Low,10399,3440,93,6959,66.91989614385999
Zouk Tea Bar & Grill,35-44,Female,High,7633,5135,450,2498,32.72631992663435
Delhi House Cafe,25-34,Female,High,7755,7803,218,-48,-0.6189555125725338
Zouk Tea Bar & Grill,45-54,Female,Middle,12825,8385,359,4440,34.619883040935676
Zouk Tea Bar & Grill,35-44,Female,Low,8309,4802,93,3507,42.20724515585509
Zouk Tea Bar & Grill,55+,Female,Low,6117,8124,147,-2007,-32.810201078960276
Zouk Tea Bar & Grill,45-54,Female,Middle,10345,6201,310,4144,40.05799903334945
Delhi House Cafe,55+,Male,Low,13558,1844,158,11714,86.39917391945716
Delhi House Cafe,45-54,Male,Low,14506,6839,332,7667,52.853991451813044
Zouk Tea Bar & Grill,25-34,Male,Low,14956,7344,421,7612,50.895961487028615
Zouk Tea Bar & Grill,35-44,Female,Low,3518,1446,392,2072,58.897100625355314
Delhi House Cafe,45-54,Male,Low,8163,4915,153,3248,39.78929315202744
Zouk Tea Bar & Grill,18-24,Female,Middle,4600,8595,305,-3995,-86.84782608695653
Delhi House Cafe,18-24,Female,Low,4195,4109,428,86,2.0500595947556617
Zouk Tea Bar & Grill,45-54,Male,Middle,14690,2234,255,12456,84.79237576582709
Zouk Tea Bar & Grill,45-54,Female,Low,14883,7587,384,7296,49.022374521265874
Delhi House Cafe,45-54,Male,High,5554,6446,92,-892,-16.06049693914296
Zouk Tea Bar & Grill,18-24,Male,High,12606,7904,402,4702,37.29969855624306
Delhi House Cafe,18-24,Male,High,4849,1226,294,3623,74.71643637863477
Zouk Tea Bar & Grill,45-54,Female,High,3742,5143,336,-1401,-37.439871726349544
Zouk Tea Bar & Grill,55+,Male,Middle,3306,8185,404,-4879,-147.58015728977617
Zouk Tea Bar & Grill,55+,Female,Middle,5849,3959,322,1890,32.31321593434775
Delhi House Cafe,25-34,Male,Low,14360,6558,132,7802,54.33147632311977
Zouk Tea Bar & Grill,35-44,Male,High,14768,2830,159,11938,80.83694474539544
Zouk Tea Bar & Grill,55+,Male,Middle,9519,4779,487,4740,49.79514654900725
Zouk Tea Bar & Grill,18-24,Female,Low,14847,1186,239,13661,92.01185424664915
Zouk Tea Bar & Grill,55+,Female,Low,6195,7488,337,-1293,-20.871670702179177
Delhi House Cafe,25-34,Female,Middle,7178,7367,473,-189,-2.6330454165505714
Delhi House Cafe,25-34,Male,High,4555,3877,446,678,14.884742041712403
Zouk Tea Bar & Grill,35-44,Male,Low,4305,3535,300,770,17.88617886178862
Delhi House Cafe,55+,Female,High,14700,2932,261,11768,80.05442176870748
Zouk Tea Bar & Grill,18-24,Female,High,9619,3924,340,5695,59.20573864227051
Zouk Tea Bar & Grill,18-24,Female,High,11280,1848,182,9432,83.61702127659575
Zouk Tea Bar & Grill,45-54,Female,Low,4642,3032,250,1610,34.683326152520465
Delhi House Cafe,18-24,Female,High,11369,2252,334,9117,80.19174949423872
Delhi House Cafe,35-44,Female,Low,8409,6509,375,1900,22.594838863122845
Delhi House Cafe,35-44,Male,High,6757,6074,458,683,10.108036110700015
Delhi House Cafe,18-24,Female,Low,4994,6708,144,-1714,-34.32118542250701
Delhi House Cafe,18-24,Male,High,10751,6112,327,4639,43.149474467491395
Delhi House Cafe,45-54,Male,Middle,13156,7331,499,5825,44.276375798114934
Delhi House Cafe,18-24,Female,High,3271,2881,478,390,11.922959339651483
Delhi House Cafe,45-54,Female,High,3813,1269,374,2544,66.71911880409127
Delhi House Cafe,45-54,Male,Low,13107,2630,268,10477,79.9343862058442
Zouk Tea Bar & Grill,18-24,Female,Low,10801,5405,138,5396,49.95833719100084
Delhi House Cafe,25-34,Female,High,4461,4203,121,258,5.78345662407532
Delhi House Cafe,25-34,Male,Middle,6120,7139,296,-1019,-16.65032679738562
Delhi House Cafe,45-54,Male,Middle,8124,2574,178,5550,68.31610044313146
Delhi House Cafe,18-24,Male,Low,10475,6191,261,4284,40.89737470167065
Delhi House Cafe,25-34,Female,Middle,13120,8960,477,4160,31.70731707317073
Delhi House Cafe,18-24,Male,High,6396,3892,392,2504,39.1494684177611
Delhi House Cafe,18-24,Female,Low,11283,2695,145,8588,76.11450855268988
Delhi House Cafe,18-24,Male,High,2816,4258,124,-1442,-51.20738636363637
Delhi House Cafe,55+,Male,Low,9304,7629,472,1675,18.003009458297505
Delhi House Cafe,18-24,Male,Low,9331,4262,103,5069,54.32429535955418
Delhi House Cafe,55+,Female,Low,2082,2445,393,-363,-17.435158501440924
Zouk Tea Bar & Grill,45-54,Female,Low,3920,7263,462,-3343,-85.28061224489795
Zouk Tea Bar & Grill,25-34,Male,Middle,9817,1219,103,8598,87.58276459203422
Delhi House Cafe,25-34,Male,High,13683,1052,267,12631,92.31162756705402
Delhi House Cafe,25-34,Male,High,13336,2757,65,10579,79.32663467306539
Zouk Tea Bar & Grill,25-34,Female,High,4093,6570,148,-2477,-60.51795748839483
